RAZON SOCIAL,RFC,Segmentos
"AUTO PARTES Y MAS, SA. de CV.",32670708,Autopartes
CONSTRUCCIONES OPTIMAS Y CREACIONES MONTERREY SA DE CV,32671013,NC Edificación Comercial
MAQUINARIA MONROY S.A DE C.V,33642542,Maquinaria y Equipo
SISTEMAS DE SALUD DEL DR .SIMI S.A DE C.V,33744356,Hospitales Privados
GI CONSTRUCTORA HUMA S DE RL DE C.V.,34442438,NC Edificación Comercial
TECUEXES INMOBILIARIA S DE RL DE CV,34851023,Oficinas e Inmobiliarias
CONSTRUCCIONES Y VIVIENDAS TAPATIAS SA DE CV,35198367,NC Edificación Comercial
INMOBILIARIA Y CONSTRUCTORA CEDILLO S.A DE C.V.,35983578,NC Vivienda Media
"RO CONSTRUCCIONES, S.A DE C.V.",35996926,NC Edificación Comercial
DE GARSE CONSTRUCTORA S.A. DE C.V.,36543337,NC Edificación Comercial
SECRETARIA DE EDUCACION PUBICA SIN TIPO DE SOCIEDAD,36627036,Educacion Publica
CONSTRUCTORA E INMOBILIARIA CAROME S. A. DE C. V.,36893929,NC Vivienda Media
PICACHO AUTOMOTRIZ SA DE CV,37200087,Agencias Automotrices
MILUAR CONSTRUCCIONES SA DE CV,37508788,NC Edificación Comercial
COMERCIALIZADORA DE PERSIANAS GABIN SA DE CV,38254740,Pequeños Negocios
MAGNA CONSTRUCTORA RAC SA DE CV,38317048,NC Edificación Comercial
COMERCIALIZADORA OULU SA DE CV,38317411,Pequeños Negocios
AUTOS DE CALIDAD CORTES S.A. DE C.V.,38647265,Agencias Automotrices
REPRESENTACIONES Y COMERCIALIZADORA LUCA S DE RL DE CV,38678498,NC Edificación Comercial
"A.O.L. CONSTRUCCIONES, S.A. DE C.V.",38870840,NC Edificación Comercial
"MEADE PONS CONSTRUCCIONES,S.A. DE C.V.",39258198,NC Edificación Comercial
ACONDICIONAMIENTO QUIMICO DEL AGUA S.A DE C.V,39903209,Industria Química
CONSTRUCCIONES Y PROYECTOS GAARVE S A DE C V,39916882,NC Edificación Comercial
CONSTRUCTORA COINSA S.A DE C.V,40504265,NC Edificación Comercial
LOS BISQUETS DE SATELITE SA DE CV,40821876,Restaurantes
MADERA ASERRADA DASUNOMICA EXPLOTADA RACIONALMENTE Y APROVECHADA S.A DE C.V,41065541,Carpinterías
SINDICATO UNICO DE TRABAJADORES DEL COLEGIO NAL DE EDUCACION PROFESIONAL TECNICA,41121863,Generación de Electricidad
INMOBILIARIA STEELE SA DE CV,41121898,Oficinas e Inmobiliarias
CONSTRUCTORA E INMOBILIARIA CPG SA DE CV,41135651,NC Edificación Comercial
INMOBILIARIA LOS ARGUELLOS S.A DE C.V,41246784,Oficinas e Inmobiliarias
BRITANICO DE MORELOS S.C,41920544,Educación Privada
PROYECTOS Y CONSTRUCCIONES ICARO S.A. DE C.V.,41960463,Acero
HIDRODINAMICA Y QUIMICA APLICADA S.A DE C.V,42370303,Industria Química
SERVICIOS INTEGRALES DE COMUNICACION DE DATOS S.A DE C.V,42370556,Pequeños Negocios
COMERCIALIZADORA DE LA CONFEDERACION NAL. GANADERA SA DE CV,42408158,Pequeños Negocios
DISTRIBUIDORA DE PORCINOS SA DE CV,42408324,Manufactura Alimentos
COMERCIALIZADORA ABASTECEDORA E IMPORTADORA HENFO SA. DE C.V,42563580,Pequeños Negocios
"CONSTRUCTORA GOLFO TAMPICO, S.A. DE C.V.",43575275,NC Edificación Comercial
CONSTRUCTORA Y EDIFICADORA KGB S.A.DE C.V.,43938561,NC Vivienda Interes Social
SDN ESCUELA MILITAR DE TRANSMISIONES,45856712,Seguridad Nacional
UNIVERSIDA INSURGENTES PLATEL TLALNEPANTLA SC,46267055,Educación Privada
COLEGIO I CHANTLI SC,46267826,Educación Privada
"TECNICA Y EQUIPOS HIDRONEUMATICOS, S. A DE C. V.",46267985,Maquinaria y Equipo
CAMIONERA DISEL DE CUATITLAN S.A DE C.V,46472240,Gasolineras
INDUSTRIAS QUETZAL S DE R.L DE CV,46918666,NC Edificación Comercial
SERVICIOS Y MANTENIMIENTO ELIPSE S.A.DE C.V.,47156889,Herrerías
ESC. PRIMARIA ALFREDO V. BONFIL,47449783,Educacion Publica
SANTA TERESA CONSTRUCCIONES SA DE CV,48191960,NC Edificación Comercial
SDN UHM-5 BAM 13-1,48358489,Seguridad Nacional
CONSTRUCCION Y DECORACION EV SA DE CV,48954952,NC Edificación Comercial
"CONSTRUCCIONES GOMEZ LOZANO ,S.A de C.V",50669161,NC Edificación Comercial
"TECNOLOGIA MEDICA INTERAMERICANA, S.A.DE C.V.",51089929,Hospitales Privados
CONSTRUCAR INMOBILIARIA S.A. DE C.V.,51118034,NC Vivienda Media
PLASTICOS EBACARSA S. A,51270576,Industria Química
CERVECERIA LA SILLA S.A DE C.V,51443760,Manufactura Bebidas
COMERCIALIZADORA ELECTRICA SAN MATEO SA DE CV,51527626,Pequeños Negocios
"ORISSA CONSTRUCCIONES, S.A. DE C.V",51665600,NC Edificación Comercial
MULTICONSTRUCCIONES CALVARIO S A DE C V,51775893,NC Edificación Comercial
APTERA CONSTRUCTORA S.A. DE C.V.,51902084,NC Edificación Comercial
CONSTRUCCIONES METALICAS Y CIVILES LOMO SA DE CV,52407600,Estructuras Metálicas
CONSTRUCTORA Y SERVICIOS INTEGRALES SA DE CV,52476428,NC Edificación Comercial
GRUPO MDI CONSTRUCCIONES S.A DE C.V,52478284,Petróleo y Gas
FARMACIAS BENAVIDES S A B DE C V,52483057,Farmacias
ROBERTET DE MEXICO S.A DE C.V,53259961,Industria Química
"SERVICIOS INTEGRALES EN PROTECCION CIVIL LEON Y ASICIADOS, S.A. DE C.V.",53357736,Oficinas e Inmobiliarias
FARMACIA GUADALAGARA SA DE CV,54042529,Farmacias
CONSTRUCTORA Y EDIFICADORA STEEL S.A. DE C.V.,54099882,NC Vivienda Media
GRUPO DIAGNOSTICO MEDICO PROA S.A. DE C.V.,54648767,Hospitales Privados
CENTRAL DE GAS DEL BAJIO S.A. DE C.V.,54675307,Gaseras
CONSTRUCTORA E INMOVILIARIA GN SA DE C.V.,54771516,NC Vivienda Media
"UNIDAD DE DIAGNOSTICO POR IMAGEN DE HUAUCHINANGO, S.C.",55568326,Hospitales Privados
"TEXTILES CASTELL, S.A. DE C.V.",56507994,Manufactura Industria Textil
"CONSTRUCTORA KAYDEN S,A DE C,V",56689981,NC Edificación Comercial
APTERA CONSTRUCTORA SA DE CV,56704828,NC Edificación Comercial
TELEBACHILLERATO No 286,56940506,Educacion Publica
HOTEL MOTEL LA FRONTERA SA DE CV,56954009,Hoteles
OBRAS PROYECTOS Y SISTEMAS S.A C.V,57262224,NC Edificación Comercial
GRUPO CONSTRUCTORA SAUXI SA DE CV,57318629,NC Edificación Comercial
SEP/DGETI/CETIS No.155,57654443,Educacion Publica
SERVICIOS INTEGRALES EN SEGURIDAD PRIVADA Y SERVICIOS ADMINISTRATIVOS GRUPO FENIX,58915389,Oficinas e Inmobiliarias
CONSERVACION DE INMUEBLES Y EQUIPAMIENTO DEL SISTEMA SALUD S.A DE C.V.,58915411,Hospitales Privados
ICE UNIVERSIDAD SC,58915647,Educación Privada
CONJUNTO EMPRESARIAL VENDABAL SA. DE C.V.,59475782,Educación Privada
SEP DGCFT CECATI No. 172,60132202,Educacion Publica
DISEÑO Y CONSTRUCCIONES BARBA SA DE CV,60146131,NC Edificación Comercial
CLIENTE MOSTRADOR,60454018,Concesionarios Comex
DIOSES DE MEXICALI A.R,61574214,Iglesias
HOTELES COLONIAL SA DE CV,61588087,Hoteles
BOIFORT CONSTRUCCIONES SA. DE CV.,61771441,NC Edificación Comercial
TELECONSTRUCTORA MABAS SA DE CV,61826074,NC Edificación Comercial
"SECRETARIA EDUCACION PUBLICA, SIN TIPO DE SOCIEDAD",62582045,Educacion Publica
CONSTRUCCIONES AURIKA SA DE CV.,62694111,NC Edificación Comercial
CONSTRUCCIONES Y MONTAJES DE MEXICO,62736395,NC Edificación Comercial
CONSTRUCTORA VITAM S.A. DE C.V.,63800083,NC Edificación Comercial
AUTOMOTRIZ SANJE S.A. DE C.V.,63800273,Agencias Automotrices
PROYECTOS Y CONSTRUCIONES PARMA SA DE CV,63800615,Acero
HIPOTECARIA SU CASITA SA DE CV SOFOM ENR,63804049,Bancos
CENTRO EDUCATIVO PARA PEQUES SC,63804150,Educación Privada
"COLEGIO SUIZO DE MEXICO, A.C.",63814500,Educación Privada
CENTRO DE APRENDIZAJE VIVENCIAL S.C.,63814603,Educación Privada
INMOBILIARIA GALDA SA DE CV,63828082,Oficinas e Inmobiliarias
CONSTRUCCIONES INAAE SA DE CV,63968073,NC Edificación Comercial
AGROQUIMICOS DE ACAMBARO S.A. DE C.V.,AAC870501JS3,Industria Química
ACERO Y ALUMINIO DE DOLORES SA DE CV,AAD980925253,Acero
ANTROS BARES Y CLUBES MEXICANOS SA DE CV,ABC080605RZ4,Restaurantes
ASOCIACION DE CONDOMINOS DE BOSQUE ESMERALDA - MADRID AC,ACB080812NJ3,Premium
ASOCIACION DE CONDOMINOS DE CONDOMINIOS DEL BOSQUE AC,ACC961010147,Premium
ASOCIACION DE CONDOMINOS DEL EDIFICIO PALM LC AC,ACE100805B74,Premium
ASOCIACION DE CONDOMINOS DE JUVENTINO ROSAS NO 70 AC,ACJ010423CP2,Premium
ALIMENTOS CONGELADOS MAYELA ESQUIVEL SA DE CV,ACM010122JS0,Manufactura Alimentos
ATLAS COPCO MEXICANA SA DE CV,ACM8306296D2,Manufactura Industria Textil
AKV CONSTRUCCIONES S.A. DE C.V.,ACO0812108H4,NC Edificación Comercial
ACEROS CORSA SA DE CV,ACO5603138E3,Acero
ANROMI CONSTRUCCIONES S.A DE C.V,ACO831215Q57,NC Edificación Comercial
ACUATERRA CONSTRUCCIONES SA DE CV,ACO9911161T2,NC Edificación Comercial
AZUL CONCRETOS Y PREMEZCLADOS S.A.DE C.V.,ACP111209HG7,NC Edificación Comercial
ASOCIACION DE CONDOMINIOS PORTA REAL A.C.,ACP1208251V3,Medium
ASOCIACION CONDOMINOS PLAZA ESMERALDA A.C.,ACP930401T99,Plazas Comerciales
"AGRICOLA CUETO PRODUCE, S.A. DE C.V.",ACP970310BM2,Manufactura Alimentos
ANALISIS CLINICOS Y RAYOS X DE OCCIDENTE S. DE R.L. DE C.V.,ACR051111I47,Hospitales Privados
ASOCIACION DE COLONOS DE RESIDENCIAL CHILUCA A.C.,ACR8507259Z2,Premium
ARTE Y DISEÑO INTERNACIONAL SA DECV,ADI000530B85,Carpinterías
ART DECORACION LATINA SA DE CV,ADL110808A75,NC Edificación Comercial
ACADEMIA DE ESTUDIOS AVANZADOS LENGUAS EXTRANJERAS Y COMPUTACION S.A. DE C.V.,AEA980825HQ5,Educación Privada
ACCESO ESTRATEGICO ESCALA S.A. DE C.V.,AEE1112193V0,Autoservicios
AGRICOLA EMI S.P.R. DE R.L. DE C.V,AEM140213RY0,Manufactura Alimentos
ACEROS ESTRUCTURALES SANTA CATARINA S.A DE C.V,AES130628E87,Acero
ACEROS GAMMA INOX SA DE CV,AGA140827RV3,Acero
ACRLICOS E IDEAS S A DE C V,AID821209FD1,Industria Química
ARQUITECTURA INMOBILIARIA S.A. DE C.V.,AID9807072D1,NC Vivienda Media
ACEROS INDUSTRIALES EPC SA DE CV,AIE120613TD0,Acero
ADMINISTRADORA INNMOBILIARIA FIDESA S.C,AIF120815UZ9,NC Vivienda Media
ASISTENCIA INTEGRAL KCM SA DE CV,AIK090226DN8,Bancos
AGIL INMOBILIARIA SA DE CV,AIN990701JM2,NC Vivienda Media
ACEROS JARMEG. S. DE. RL. DE. CV.,AJA1001111QA,Acero
AUTOSERVICIO JOCARAN DE PROGRESO S.A DE C.V.,AJP000711EG4,Gasolineras
ALIMENTOS KOWI SA DE CV,AKO971007558,Manufactura Alimentos
ACEITES Y LUBRICANTES INDUSTRIALISIMO S.A. DE C.V.,ALI090601G21,Gaseras
ASOCIACION MEDICA COYOACAN AC,AMC130307K84,Hospitales Privados
ASOCIACION MEXICANA DE ENGORDA E INTRODUCTORES DE AVES EN EL DISTRITO FEDERAL,AME620108RR1,"Asociaciones, Institutos y Embajadas"
"AUTOFINANCIAMIENTO MEXICO, S.A. DE C.V.",AME940622UA2,Bancos
AVANTI MULTICORPORATIVO MEDICO S.A DE C.V,AMM150423K46,Hospitales Privados
ALVA MEX QUIMICA SA DE C.V,AMQ9002135L7,Industria Química
"ARQUIDIOCESIS DE MORELIA RECTORIA DE SANTA CATALINA DE SIENA, AR",AMR930808MW1,Iglesias
ALIMENTOS NAHUAL SA DE CV,ANA070119GV8,Manufactura Alimentos
AGRICOLA ORDINVER S.C.DE R.L. DE C.V.,AOR040906MV1,Manufactura Alimentos
ALVA PAPELERIA SA DE CV,APA000525KV6,NC Edificación Comercial
AUTOTANQUES PETROQUIMICOS S.A DE C.V.,APE9508042S0,Pequeños Negocios
AGUA PURIFICADA Y HIELO MONTREAL SA DE CV,APH080201678,Manufactura Bebidas
ACEROS Y PERFILES MORALES S.A.DE C.V.,APM060502UZ6,Herrerías
ARMSTRONG SECURITY DE MEXICO SA DE CV,APS020621G66,Oficinas e Inmobiliarias
AGUA ROCA AZUL SA DE CV,ARA971001R96,Manufactura Bebidas
AGRICOLA EL RENOVAL S. P. R. DE R. L. DE C. V .,ARE1503023F3,Manufactura Alimentos
AGRICOLA EL RENOVAL S.P.R. DE R.L. DE C.V.,ARE1503023F3,Manufactura Alimentos
"AVICOLA SAN ANDRES, S.A. DE C.V.",ASA840106LL6,Manufactura Alimentos
AUTOMOTRIZ SAN COSME SA DE CV,ASC8106017C5,Agencias Automotrices
AYUDA Y SOLIDARIDAD CON LAS NIÑAS DE LA CALLE IAP,ASN930729MI7,Hospitales Privados
AGUACATE STEAK SA DE CV,AST130717BN1,Manufactura Alimentos
ACONDICIONAMIENTO TERMO ACUSTICO Y CONTROL AMBIENTAL S. DE RL,ATA0303257N7,NC Edificación Comercial
"ARQUIDIOCESIS DE TLALNEPANTLA,A.R.",ATA9401033G7,Iglesias
ARBE UNO IMMOBILIARIA S.A DE C.V,AUI0507154H1,NC Vivienda Media
ACEROS UNION 25 SA DE CV,AUV080225AF2,Acero
ADMINISTRADORA DE VIVIENDA PLAZA CARSO AC,AVP110713CKA,NC Vivienda Interes Social
ACEROS VS S.A. DE C.V.,AVS140616GP3,Acero
AUDIO VIDEO Y TURISMO S.A DE C.V,AVT910726B44,Hoteles
AGENCIA DE VIAJES VIVA SA DE CV,AVV920724EJ0,Pequeños Negocios
SOCIEDAD COOPERATIVA LA AXOCOCHETL SC DE RL DE CV,AXO1011135LA,Bancos
BACHOCO SA DE CV,BAC800208B25,Manufactura Alimentos
BANCO DE ALIMENTOS DEL ESTADO DE MORELOS AC,BAE1005127L1,Manufactura Alimentos
"BJ CONSTRUCCIONES, SA DE CV",BCO970627J10,NC Edificación Comercial
BORDADOS Y DEPORTES CAMBOL S.A DE C.V,BDC860314N58,Manufactura Industria Textil
BIMBO SA DE CV,BIM011108DJ5,Manufactura Alimentos
BANCO NACIONAL DEL EJERCITO FUERZA AEREA Y ARMADA S.N.C.,BNE820901682,Bancos
CALEFACCION AIRE ACONDICIONADO Y REFRIGERACION SA DE CV,CAA0102225F6,Pequeños Negocios
MARISELA CASAS DELGADO,CADM770407HF0,Concesionarios Comex
VERONICA CASAS DELGADO,CADV720531RE0,Concesionarios Comex
CONSTRUCCIONES EN ACERO GONZALEZ S.A. DE C.V.,CAG021119LB6,NC Edificación Comercial
COMERCIALIZADORA ALMACENES GARCIA DE MEXICO S A DE C V,CAG0412176A6,Departamentales
CONSTRUCTORA Y ASOCIADOS GUERRERO S.A DE C.V,CAG070621FE4,Estructuras Metálicas
COLEGIO ALEMAN DE GUADALAJARA A.C.,CAG790607RP2,Educación Privada
CEMENTOS Y ACEROS DEL ITSMO SA DE CV,CAI960729S96,Acero
COMERCIALIZADORA AVESA DE MORELOS SA DE CV,CAM0604074P3,Pequeños Negocios
CONCRETOS ASFALTICOSDE MEXICO S.A. DE C.V.,CAM870907796,NC Edificación Comercial
"CONCRETOS APASCO,S.A DE C.V",CAP771001J57,NC Edificación Comercial
COMICION DE AGUA POTABLE Y ALCANTARILLADO DEL MUNICIPIO DE MIXQUIAHULA,CAPO40210K23,Agua
CONSTRUCTORA ARRESA S.A DE C.V,CAR910708C74,NC Edificación Comercial
CLINICA AVANTI SA DE CV,CAV100226UPA,Hospitales Privados
MAQUILAS FERROSAS INDUSTRIALES SA DE CV,CAV9603188U6,NC Edificación Comercial
COLEGIO ARTURO VELEZ MARTINEZ AC,CAV9608081V0,Educación Privada
CONSTRUCTORA AZBED SA DE CV,CAZ931126TK9,NC Edificación Comercial
COLEGIO ANDES DE ZUMPANGO,CAZ9901133FA,Educación Privada
CONSTRUCCIONES B B Q SA DE CV,CBB050727PJ8,NC Edificación Comercial
"COMERCIALIZADORA BBMEX, S.A. DE C.V.",CBB091030U96,Pequeños Negocios
CONSTRUCTORA LA BIZNAGA S.A. DE C.V.,CBI08082061A,NC Edificación Comercial
CORPORACION BIOQUIMICA DE MEXICO S.A DE C.V.,CBM890622PM1,Industria Química
CONSTRUCTORA BOSQUE SERENO SA DE CV,CBS1209192TA,NC Edificación Comercial
CONSTRUCCIONES CALVEC SA DE CV,CCA081015II2,NC Edificación Comercial
COLCHONES CANADA S.A DE C.V,CCA830914J98,Manufactura Industria Textil
CONSTRUCCIONES CASALA S.A DEC.V,CCA941212RQ4,NC Edificación Comercial
COMEDOR DE LA CARIDAD AC,CCA990317HV1,Restaurantes
CONSTRUCTORA Y COMERCIALIZADORA BERMAJE S. DE R.L. DE .C.V.,CCB140507428,NC Vivienda Media
CONSTRUCCION DE CANCHAS DEPORTIVAS SA DE CV,CCD880210CE7,NC Edificación Comercial
CONSTRUCCIONES GESGROM SA DE CV,CCE090819CW6,NC Edificación Comercial
COMERCIALIZADORA Y CONSTRUCCION FONSECA S.A. DE C.V.,CCF0712206IA,NC Edificación Comercial
"COMERCIALIZADORA Y CONSTRUCCIONES FYE , S.A. DE C.V.",CCF08112472A,NC Edificación Comercial
CASA DE LACULTURA FRAY NICOLAS P NAVARRETE DEL MUNICIPIO DE SANTIAGO MARAVATIO GUANAJUATO,CCF100710D34," Asociaciones, Institutos y Embajadas "
COISE CONSTRUCCIONES INTEGRALES Y DE SERVICIO S.A DE C.V,CCI0207011J5,NC Edificación Comercial
CAJAS DE CARTON MAR-PACK S.A DE C.V,CCM130128LA3,Manufactura Cartón
CONSTRUCTORA CASA MAGNA SA DE CV,CCM9409122E8,NC Edificación Comercial
CONSTRUCCIONES CONACSA S.A. DE C.V.,CCO001025AY0,NC Edificación Comercial
CB COATS SA DE SV,CCO010207AF7,Concesionarios Comex
CAMM CONSTRUCCIONES SA DE CV,CCO021219SL9,NC Edificación Comercial
CKPSA CONSTRUCCIONES S.A DE C.V,CCO110606JF6,NC Edificación Comercial
CONSTRUCTORA COAPA 11 SA DE CV,CCO1405098H5,NC Edificación Comercial
CARE CONSTRUCCIONES SA DE CV,CCO9411152M2,NC Edificación Comercial
COMERCIALIZADORA EL CORAZON DE POLLO SA DE CV,CCP120911HY6,Pequeños Negocios
CENTRO COMERCIAL PLAZA NEZA AC,CCP140124IG1,Plazas Comerciales
CONSTRUCTORA Y COMERCIALIZADORA PLAZA DEL MAR SA DE CV,CCP890320ET7,NC Vivienda Media
COMERCIALIZADORA DE CHILES SECOS DE AGUASCALIENTES SA DE CV,CCS910124UF7,Pequeños Negocios
CONSTRUCCIONES Y DEMOLICIONES AGUASCALIENTES SA DE CV,CDA150616H95,NC Edificación Comercial
CONSTRUCTORA DALMY S DE S V,CDA831018QP3,NC Edificación Comercial
"CASTOR DISEÑO Y CONSTRUCCION, S.A. DE C.V.",CDC030120GJ9,Municipios
CENTRO DE DESARROLLO Y CAPACITACION SC,CDC041006UH0,Educación Privada
CENTRO DE DESARROLLO HUMANO HACIA LA COMUNIDAD AC,CDH000301SD5,Educación Privada
CENTRO DE ESTUDIOS ACTUALIZADOS DE EDUCACION EFREN REBOLLEDO AC,CEA1302239A8,Educación Privada
CENTRO DE ESTUDIOS COPAN SC,CEC0307221D0,Educación Privada
CONSTRUCCIONES EDY.NAY S. DE R.L. DE C.V.,CED091127835,NC Edificación Comercial
CENTROS ESCOLARES GEU AC,CEG110503IN2,Educación Privada
CONSTRUCCIONES EDIFICACIONES HERRERA S A DE C V,CEH110929R13,NC Edificación Comercial
CONSTRUCCIONES E INSTALACIONES JOSHE S SA DE CV,CEI0904023V8,NC Edificación Comercial
"CENTRO DE ESTUDIOS DE IDIOMAS LINDA VISTA SUC.CUAUTLA, A.C.",CEI810715226,Educación Privada
COMERCIALIZADORA DE ESTRUCTURAS Y JUEGOS PLAYRUBERT S.A DE C.V.,CEJ090403H3A,Pequeños Negocios
COLEGIO ELENA JACKSON FISKEHUNT AC,CEJ911024LV3,Educación Privada
CONSTRUCTORA Y EDIFICADORA LIBRA S.A DE C.V.,CEL120116G62,NC Vivienda Media
CONSTRUCTORA Y EDIFICADORA LYH S.A.DE C.V.,CEL980903QR5,NC Hospitales y clínicas
CEMEX MEXICO S.A. DE C.V.,CEM880726UZA,Minería
CLINICA DE ESPECIALIDADES MEDICA DEL SUR,CEM9509084Z8,Hospitales Privados
CENTRO DE ESTUDIOS PRITAL S.C.,CEP010912I41,Educación Privada
COOPERATIVA ESCOLAR DE PRODUCCION UNION CBTA 19 CEL,CEP830222N76,Manufactura Alimentos
COLEGIO DE EDUCACION PROFESIONAL TECNICA DEL ESTADO DE CAMPECHE,CEP990109H61,Educación Privada
COLEGIO DE EDUCACION PROFESIONAL TECNICA DEL ESTADO DE CAMPECHE,CEP990109H61,Educación Privada
CONALEP,CEP9909182S6,Educacion Publica
"CUPER EQUIPOS, S.A. DE C.V.",CEQ860305I12,Maquinaria y Equipo
COLEGIO EUREKA TEPIC VANGUARDIA EDUCATIVA SC,CEV090828GG1,Educación Privada
CONSTRUCCIONES FASAR S.A DE .C.V,CFA9906104A6,NC Edificación Comercial
CARNES FINAS CESAR S A DE C V,CFC090422G57,Manufactura Alimentos
"CONSTRUCTORA FER CEF S.A DE C,V",CFC131130G71,NC Edificación Comercial
COLEGIO FINLANDES DE JALISCO AC,CFD081110SE5,Educación Privada
CONSTRUCCIONES FORMA DE GUADALAJARA SA DE CV,CFG9104151QA,NC Edificación Comercial
COMPAÑIA CONSTRUCTORA FRONTERIZA S.A. DE C.V.,CFR9111264V5,NC Edificación Comercial
EL COLEGIO DE LA FRONTERA SUR,CFS941020BZ5,Educación Privada
COLEGIO FRAY TORIBIO DE BENAVENTE AC,CFT070202C59,Educación Privada
CONSTRUCTORA GAMIZAL SA DE CV,CGA150807UYA,NC Edificación Comercial
"CONSTRUCTORA GERMER, S.A. DE C.V.",CGE010330IX7,NC Edificación Comercial
CONSTRUCTORA GRUPO L-I SA DE CV,CGL040316166,NC Edificación Comercial
CONSTRUCTORA GAL DE MORELIA S.A DE C.V,CGM8602132K5,NC Edificación Comercial
COLEGIO HUMANISTA LOS CEDROS A.C.,CHC101119ML8,Educación Privada
CUEVAS HERNANDEZCONSTRUCCIONES INTEGRALES,CHC120223BF2,Carpinterías
CONSTRUCCIONES HIDRAULICAS GUADALAJARA SA DE CV,CHG040708HA6,NC Edificación Comercial
CORPOACEROS DE HIDALGO S.A DE C.V,CHI060826D13,Acero
CONSTRUCCIONES HIDROPAC S A DE C V,CHI080521IS9,NC Edificación Comercial
CLIMA E INGENIERIA AMBIENTAL S.A,CIA920304LG6,Oficinas e Inmobiliarias
INVALIDA,CIB040720GT8,NC Edificación Comercial
COMERCIALIZADORA INMOBILIARIA DEL BOSQUE SA DE CV,CIB930331PP5,NC Vivienda Media
CLINICA INTEGRAL DE LA CABEZA A LOS PIES S.C.,CIC040518AG7,Hospitales Privados
CENTRO DE INVESTIGACION CLINICA GRAMEL SC,CIC1010198F2,Hospitales Privados
COMBUSTION INDUSTRIAL Y CONTROL S.A. DE C.V.,CIC860729DL0,Pequeños Negocios
"CONSTRUCCIONES ICAD, S.A. DE C.V.",CIC980127TG0,NC Edificación Comercial
CONSTRUCCIONES INDUSTRIALES CORNEJO SA DE CV,CIC9809037U6,Herrerías
CENTRO INTEGRAL DE ENSEÑANZA SC,CID1503242G5,Educación Privada
CONSTRUCCIONES IETA S.A DE C.V,CIE110624GH9,NC Edificación Comercial
CONSTRUCCIONES E INSTALACIONES FAHESA S.A DE C.V,CIF040105HU0,NC Edificación Comercial
CONSTRUCCIONES INDUSTRIALES GAL S.A DE C.V,CIG070412H73,Herrerías
CONSTRUCCIONES INDUSTRIALES HURTADO SA DE CV,CIH031215E3,Herrerías
"CONSTRUCTORTA INMOBILIARIA JOHS, S.A DE C.V.",CIJ130611N57,NC Vivienda Media
CONSTRUCCIONES INSTALACIONES Y MANTENIMIENTO ARIES SA DE CV,CIM950208FT7,NC Edificación Comercial
CONNSTRUCCIONES E INGENIERIA S.A DE C.V,CIN920819MTA,NC Edificación Comercial
CONSTRUCTORA E INMOBILIARIA PORTO FINO SA DE CV,CIP080904F46,NC Vivienda Media
COMERCIALIZADORA INDUSTRIAL REIVAJ SA DE CV,CIR130701DJ6,Pequeños Negocios
CONSTRUCCIONES INDUSTRIALES Y DE SERVICIOS S.A. DE,CIS001020ES2,Herrerías
CONSTRUCCIONES E INSTALACIONES SEGURAS S.A.DE C.V.,CIS0110302I3,NC Edificación Comercial
CONSTRUCTORA E INMOBILIARIA TREQ SA DE CV,CIT031201JD1,NC Vivienda Lujo
CONSTRUCTORA INMOBILIARIA Y VALUACIONES MICHOACAN SA DE CV,CIV101209941,NC Vivienda Media
CALZADOS IZARA S.A DE C.V,CIZ070213I17,Manufactura Industria Textil
CONSTRUCTORA JBE SA DE CV,CJB021119BZ3,NC Edificación Comercial
"CONSTRUCCIONES JIME, SA DE CV",CJI091130GP7,NC Edificación Comercial
CONSTRUCTORA JIMTRE SA DE CV,CJI990122DG3,NC Edificación Comercial
"COMERCIALIZADORA JUMBO, S.A. DE C.V.",CJU910129EC2,Pequeños Negocios
CONSTRUCTORA KAYDEN SA DE CV,CKA140707GL9,NC Edificación Comercial
COMERCIALIZADORA LEONES ARESA SA DE CV,CLA041117HK8,Pequeños Negocios
CASA LEY SA DE CV,CLE810525EA1,Autoservicios
CARPINTERIA Y LACA EN GENERAL DE OCCIDENTE SA DE CV,CLG020130GZ4,Carpinterías
"CONSTRUCTORA LEDESMA HERMANOS, SA DE CV",CLH971024LF9,NC Edificación Comercial
CARPINTERIA LIGNA S DE RL DE CV,CLI1410226W2,Carpinterías
CONSTRUCTORA LOTUS S.A. DE C.V.,CLO8604097N0,NC Edificación Comercial
CONSTRUCCIONES MODERNAS Y ACABADOS SA DE CV.,CMA011025US3,NC Edificación Comercial
CONSTRUCTORA MEXIQUENSE ARIES S.A DE C.V,CMA020930FN1,NC Edificación Comercial
CONSTRUCTORA MONTEMAYOR CHAPA S.A.,CMC6406099G6,NC Edificación Comercial
CONSULTORIA MEDICA DAGE SC,CMD060310F76,Hospitales Privados
CONSEJO MUNUCIPAL DEL DEPORTE DE TONALA,CMD090522MP8,Municipios
CONTRUCTORA MAXIMA DIMENCION S.A DE C.V,CMD100127H42,NC Edificación Comercial
"CONSTRUCCIONES METALICAS ELECTROMECANICAS MARTINEZ, S.A.DE C.V.",CME060708V74,Estructuras Metálicas
HERNANDEZ GARCIA EDGAR JUAN,CME910715UB9,Autoservicios
CONSTRUCCIONES Y MANTENIMIENTO GRANADOS SA DE CV.,CMG050722M14,NC Edificación Comercial
CONSTRUCCIONES Y MANTENIMIENTO GRANADOS SA DE CV,CMG050722M14,NC Edificación Comercial
COMERCIALIZADORA MERTEC SA DE CV,CMH140425IJ8,Pequeños Negocios
CONSTRUCTORA MISSGAM SA DE CV,CMI060407B83,NC Edificación Comercial
CONSTRUCTORA MEXIQUENSE INTEGRAL J.J. SA DE CV,CMI071206JX5,NC Edificación Comercial
CONSTRUCTORA MILOS SA DE CV,CMI8408138I0,NC Edificación Comercial
CONSTRUCCIONES Y MANTENIMIENTO JFZ S.A DE C.V,CMJ150527CN9,NC Edificación Comercial
CONSTRUCTORA MON,CMO810924AE7,NC Edificación Comercial
CONSTRUCTORA MON S.A DE C.V,CMO810924AE7,NC Edificación Comercial
CONSULTORIA MEDICA Y SERVICIO PFEIMAR SA DE CV,CMS120903FJ0,Hospitales Privados
CONSTRUCCIONES MANTENIMIENTOS Y SERVICIOS SA DE CV,CMS971022LQ5,NC Edificación Comercial
COLEGIO MONTESORI DE TEPOZTLAN AC.,CMT940614N45,Educación Privada
CONSTRUCTORA MULTIELIN S.A. DE C.V.,CMU150413CKA,NC Edificación Comercial
CONSTRUCCIONES METALICAS ZAVALA SA DE CV,CMZ070823S60,Estructuras Metálicas
CONSTRUCCIONES METALICAS ZAVALA S A DE C V,CMZ070823S60,Estructuras Metálicas
CONSTRUCTORA OLUSAN SA DE CV,COL090617IA6,NC Edificación Comercial
COLEGIO DE EDUCACION PROFESIONAL TECNICA DEL ESTADO DE MICHOACAN,CON981109Q54,Educación Privada
CONSTRUCTOR DE OBRAS Y PROYECTOS ELECTRICOS DE MICHOACAN SA DE CV,COP9403142U6,NC Edificación Comercial
CONSTRUCCIONES ORMA SA DE CV,COR950905CR7,NC Edificación Comercial
COLEGIO OFARRIL SECUNDARIA Y PREPARATORIA S.C.,COS070809GR7,Educación Privada
COVEREX S.A. DE C.V.,COV0603139K5,Estructuras Metálicas
CONSTRUCTORA PALET S.A. DE C.V.,CPA010319TX7,NC Edificación Comercial
COMERCIALIZADORA PAIF S.A. DE C.V.,CPA920710EB2,Pequeños Negocios
CONSTRUCCIONES PAUSAMI SA DE CV.,CPA970613GK9,NC Edificación Comercial
CONSTRUCTORA PUNTO DE FUGA S.A. DE C.V.,CPF150507LI9,NC Edificación Comercial
CENTRO PEDAGOGICO DE INCLUSION A.C.,CPI1506053H4,Educación Privada
"CONSTRUCCION Y PROYECTOS LOY , S.A. DE C.V.",CPL050418J91,NC Edificación Comercial
COMERCIALIZADORA PLUSAR SA DE CV,CPL120222BT7,Pequeños Negocios
CUBETAS DE PLASTICO SA DE CV,CPL640206CF0,Industria Química
CULTURAL PEÑA POBRE,CPP630209SW2,Educación Privada
CUALLI PINTURA EN POLVO SA DECV,CPP980702HD9,Industria Química
CONSTRUCTORA Y PROMOTORA SATELITESA DE CV,CPR8512094V7,NC Edificación Comercial
COMERCIALIZADORA DE PRODUCTOS Y SERVICIOS HOSPITALARIOS BARTER S.A. DE C.V.,CPS110524V21,Acero
CORPORACIONQUIMICA AUTOMOTRIZ SA DE CV,CQA850219AM4,Agencias Automotrices
COMERCIALIZADORA DE REFACCIONES ALEMANAS Y EUROPEAS S.A. DE C.V.,CRA020910KGA,Pequeños Negocios
CENTRO DE REHABILITACION PARA LAS ADICCIONES MONTE RIVERA AC,CRA130805611,Pequeños Negocios
COMERCIALIZADORA REM S.A DE C.V,CRE071127QX2,Pequeños Negocios
CARROCERIAS REFRIGERADAS SA DE CV,CRE9806252J3,Carrocerías y remolques
COMERCIALIZADORA RAMOS E HIJOS SA DE CV,CRH990107SGA,Pequeños Negocios
CORPORACION REFACCIONARIA S.A. DE C.V.,CRI971003FW6,Pequeños Negocios
CENTRO DE RESTAURACION MAGRI SA DE CV,CRM110531MZ7,Pequeños Negocios
CRUZ ROJA MEXICANA I.A.P.,CRM6702109K6,Hospitales Privados
CRUZ ROJA MEXICANA I A P,CRM6702109K6,Hospitales Privados
CONSTRUCTORA ROSALIA S. A. DE C. V.,CRO040706FU9,NC Edificación Comercial
"CALZADOS ROVISA, S.A. DE C.V.",CRO9608267E9,Manufactura Industria Textil
CONSTRUCCIONES ROSVAL S.A. DE C.V,CRO990218NX7,NC Edificación Comercial
"CONDOMINIO RESIDENCIAL PARQUE REFORMA, A.C.",CRP1012081U2,NC Vivienda Media
"CONSTRUCTORA REY ROMASOC, S.A. DE C.V.",CRR130820PI1,NC Edificación Comercial
CONSTRUCCIONES RUSE SA DECV,CRU131106SG9,NC Edificación Comercial
CONSTRUCCIONES RIOVALLE SA DE CV,CRV010926VG0,NC Edificación Comercial
CONSTRUCTORA SAPGAP S.A. DE C.V.,CSA0302071L2,NC Edificación Comercial
COMERCIALIZADORA SE MA LIM SA DE CV,CSE110222797,Pequeños Negocios
COMERCIALIZADORA SERVIGOSO S.A.DE C.V.,CSE121026CG3,Pequeños Negocios
CONSTRUCCIONES Y SERVICIO INMOBILIARIA S A DE C V,CSI081020DBA,NC Edificación Comercial
CONSTRUCCIONES Y SEÑALAMIENTOS INDUSTRIALES HERNANDEZ S.A. DE C.V.,CSI130409F2A,NC Edificación Comercial
COMERCIALIZADORA DE SERVICIOS IHANA S.A. DE C.V.,CSI1402197W4,Pequeños Negocios
CONSTRUCCIONES Y SERVICIOS JAMA SA DE C.V,CSJ9508216K0,NC Edificación Comercial
CONSTRUCCIONES Y SERVICIOS LEDR S.A. DE C.V.,CSL090212FU6,NC Edificación Comercial
COMERCIALIZADORA STEREO MUNDO SA DE CV,CSM000412RIA,Pequeños Negocios
CONSTRUCTORA SCALE DE MEXICO SA DE CV.,CSM060131V5A,NC Edificación Comercial
COMPUTACION SISTEMAS Y PRODUCTIVIDAD SA DE CV,CSP88032942A,Educación Privada
CONSTRUCCIONES Y SERVICIOS SAUCEDO SA DE CV,CSS1110276M6,NC Edificación Comercial
COLEGIO LA SALLE SEGLARES S.C.,CSS890622DV5,Educación Privada
COLEGIO LA SALLE DE SEGLARES SC,CSS890622DV5,Educación Privada
CONSTRUCTORA SERVI DE TLAXCALA S.A. DE C.V.,CST090909RS3,NC Edificación Comercial
CONSTRUCTORES TECNICOS Y ARQUITECTOS S.A. DE C.V.,CTA051026L35,NC Edificación Comercial
CONSTRUCTORA TERRAMACK S.A. DE C.V.,CTE0902093E2,NC Edificación Comercial
CONSTRUCTORA TEXTOR SA DE CV,CTE820531NQ9,NC Edificación Comercial
CONSTRUCTORA TILOXTOC S.A DE C.V,CTI0003173JA,NC Edificación Comercial
CONSTRUCTORA 3I SA DE CV,CTI050825CQA,NC Edificación Comercial
CENTRO DE TRATAMIENTO MEDICO ESPECIALIZADO S.A. DE C.V.,CTM140527L30,Hospitales Privados
COLEGIO TECNOLOGICO DE MEXICO,CTM970324LW0,Educación Privada
CONSTRUCTORA TUCA SA DE CV,CTU960620L39,NC Edificación Comercial
CONSTRUCTORA UKLAJUN SA DE CV,CUK110120F77,NC Edificación Comercial
COMERCIALIZADORA VAUMUR SRL DE CV,CVA100525DK7,Pequeños Negocios
CONSTRUCTORA VALZEC S A DE C V,CVA8309078Q9,NC Edificación Comercial
COMERCIALIZADORA DE VALOR AGREGADO S.A DE C.V,CVA9904266T9,Pequeños Negocios
COLEGIO VALLE DE FILADELFIA INTERNACIONAL S.C.,CVF1012173D9,Educación Privada
COMERCIALIZADORA VIMOLAMEX S.A DE C.V,CVI0705191X9,Pequeños Negocios
"CONDOMINIO WORLD TRADE CENTER CIUDAD DE MEXICO,A.C.",CWT021014H2A,Hoteles
CONSTRUYE Y CREA + ARQUITECTURA SA DE CV,CYC071019BA0,NC Edificación Comercial
CONSTRUCCIONES YEMOYE SA DE CV,CYE100717FD4,NC Edificación Comercial
DISTRIBUIDORA AUTOMOTRIZ AGUASCALIENTES EXPRESS S. DE R.L. DE C.V.,DAA1401155NA,Departamentales
DISEÑO ACABADOS Y CONSTUCCIONES AREFAB SA DE CV,DAC0610117W5,NC Edificación Comercial
DESPACHADORA ABASTOS DE JALISCO S DE RL DE CV,DAD071024P28,Mercados y Centrales de Abasto
DEPOSITO DE ABARROTES LA MIXTECA S.A DE C.V,DAM820506RC4,Tiendas Conveniencia Franquicia
"DIOCESIS DE CUERNAVACA , A.R.",DCA931018L59,Iglesias
DEFENSA CONTABLE FISCAL MEXICO SC,DCF0707093U9,Oficinas e Inmobiliarias
DESAROLLADORA Y COSTRUCTORA IDESA SA DE CV,DCI1303059H8,NC Edificación Comercial
DUANDI CONSTRUCTORA S.A. DE C.V.,DCO140828ER6,NC Edificación Comercial
MOSTRADOR,DDD,Concesionarios Comex
DISTRIBUIDORA DE DULCES GOMEZ SA DE CV,DDG800314KY7,Manufactura Alimentos
"DSI ELECTRONIZ, S.A. DE C.V.",DEL140616R24,Herrerías
DISTRIBUIDORA FORESTAL PONDEROSA SA DE C V,DFP1007026D1,Carpinterías
DISEÑO INGENIERIA CONSTRUCCIONES Y CABLEADO SA DE CV,DIC111010DL2,NC Edificación Comercial
"DISTRIBUIDORA LIVERPOOL, S.A. DE C.V.",DLI931201MI9,Departamentales
"DEPORTES MARTI,SA DE CV",DMA850716ER5,Departamentales
DEPORTES MARTI S.A DE. C.V,DMA850716ER5,Departamentales
2M CONSTRUCTORA SA DE CV,DMC990622AG8,NC Edificación Comercial
2M CONSTRUTORA S.A. DE C.V,DMC990622AG8,NC Edificación Comercial
DISTRIBUIDORA DE MATERIALES EZEQUIEL MONTES SA DE CV,DME9005215X5,Industria Química
DISEÑOS O CARBALLO SA DE CV,DOC0002222G0,Carpinterías
DECORACIONES Y PREFABRICADOS INTELIGENTES SA DE CV,DPI1508276D5,NC Edificación Comercial
PARROQUIA DE SAN FRANCISCO DE ASIS TEPEJI DEL RIO HGO AR,DTA931208RR1,Iglesias
DISTRIBUIDORA VOLKSWAGEN DEL CENTRO SA DE CV,DVC831028E29,Agencias Automotrices
2 X 3 CONSTRUCCIONES S.A. DE C.V.,DXT990909PM7,NC Edificación Comercial
EQUIPOS AGRICOLAS E INDUSTRIALES S.A. DE C.V.,EAI860530DA3,Petróleo y Gas
EDIFICACIONES CARAPIA SA DE CV,ECA980216PD6,NC Edificación Comercial
ESTUDIOS Y CONSTRUCCIONES CONTLA S.A DE C.V,ECC111210P89,NC Edificación Comercial
ESTUCTO CONSTRUCCIONES Y DISEÑO SA DE CV,ECD070126AP0,NC Edificación Comercial
"ELEPTICA CONSTRUCCIONES, S.A DE C.V",ECO040305255,NC Edificación Comercial
EQUIPOS COMERCIALES ORT S.A. DE C.V.,ECO070504KM6,Maquinaria y Equipo
ELLIPSIS CONSTRUCCIONES SA DE CV,ECO080620LR5,NC Edificación Comercial
"ESDI,CONSTRUCTORA SA DE CV",ECO1210107A2,NC Edificación Comercial
EGIPTO CONSTRUCCIONES S. A. DE C. V.,ECO950213T48,NC Edificación Comercial
"EDUCACION, CRECIMIENTOY DESARROLLO INTERCULTURAL",EDI150526LT2,Educación Privada
ESCUELA DE ENFERMERIA CHRISTUS MUGUERZA UDEM AC,EEC890517U59,Educación Privada
ESCUELA DE ENFERMERIACHRISTUS MUGUERZA AC,EEC890517U59,Educación Privada
EQUIPOS E INGENIERIA DEL AGUA S.A DE C.V,EEI070924283,Maquinaria y Equipo
EQUIPO GOGATECH 3000 ASESORIAS PROYECTOS CONSTRUCCIONES Y ELECTRIFICACIONES SA DE CV,EGT100807J25,Maquinaria y Equipo
EQUIPOS DE INGENIERIA ALCON SA DE CV,EIA051219F40,Maquinaria y Equipo
EQUIPOS INTERFERENCIALES DE MEXICO S.A. DE C.V.,EIM8706121T2,Maquinaria y Equipo
ESTAMPA INMOBILIARIA S A DE C V,EIN110516CF2,NC Vivienda Media
ELECTRICIDAD INTEGRAL Y SERVICIOS SA DE CV,EIS020808F84,Pequeños Negocios
"ESCUELA DE INGLES WASHINGTON, S.C.",EIW871116FX3,Educación Privada
EMBOTELLADORA LAS MARGARITAS S A P I DE CV,EMA950906L79,Manufactura Bebidas
EMBOTELLADORA LAS MARGARITAS S A P I DE C V,EMA950906L79,Manufactura Bebidas
ESTRUCTURAS METALICAS Y CONSTRUCCIONES DAYPARO SA DE CV,EMC0801044A4,Estructuras Metálicas
ESCUELA MEXICANA CANADIENSE DE INGLES SC,EMC821112UI0,Educación Privada
EQUIPOS MECANICOS Y ELECTROMECANICOS S.A.,EME810715DA6,Maquinaria y Equipo
EQUIPOS MONTENEGRO SA DECV,EMO040721MU7,Maquinaria y Equipo
ESPACIO PUBLICO Y ARQUITECTURA SA DE CV,EPA110603HA6,Educación Privada
EXTRUIDOS PLASTICOS BERMOR SA DE CV,EPB150622AE4,Industria Química
EQUIPOS DE PRESICION CONTROL Y COMPUTO G.M.A SA DE CV,EPC040210G97,Maquinaria y Equipo
ENVASES Y PRODUCTOS ESPECIALES SA DE CV,EPE040817IG2,Manufactura Bebidas
EQUIPOS Y PRODUCTOS ESPACIALIZADOS SA DE CV,EPE981126HJ8,Maquinaria y Equipo
ESCUELA PREPARATORIA FEDERAL POR COOPERACION ALBERT EINSTEIN DE HIDALGO A.C,EPF9004273V8,Educación Privada
EPOLYGLAS S.A DE C.V,EPO881230D89,Industria Química
EQUIPOS Y REACTIVOS RGM SA DE CV,ERR081211RG7,Maquinaria y Equipo
EQUIPO Y SISTEMAS DE ACONDICIONAMIENTO ELECTRICO S.A. DE C.V.,ESA940713RB7,Maquinaria y Equipo
ESTACION DE SEVICIOS CUAUTLA S.A. DE C.V.,ESC000810SJA,Gasolineras
ESTACION DE SERVICIO EXPRESS LA PROVIDENCIA S.A DE C.V,ESE970407958,Gasolineras
ESTACION DE SERVICIO PLEYADES S.A DE C.V.,ESP100122RU1,Gasolineras
"ESTACION DE SERVICIO RIVAPALACIO, S.A. DE C.V.",ESR921027295,Gasolineras
ESTACION DE SERVICIO SAN LUIS SA DE CV,ESS0511174D4,Gasolineras
ENVASES UNIVERSALES DE MEXICO SA PI DE CV,EUM000707DQ2,Envases Metálicos
"ENVASES UNINERSALES DE MEXICO S,A,P,I DE C,V.",EUM000707DQ2,Envases Metálicos
F&F ESPECIALISTAS EN MADERA S.A. DE C.V.,F&F980218SZ2,Carpinterías
FERRE ACEROS LA COLMENA SA DE CV,FAC0601112U1,Acero
FUNDACION ANTONIO PLANCARTE Y LABASTIDA I.A.P,FAP321228653,Educación Privada
FARMACIA AYM S.A. DE C.V.,FAY120321N82,Farmacias
FERRETERIA BALDOR SA DE CV,FBA8011278X3,Concesionarios Comex
FARMACIAS BENAVIDES S.A.B . DE C.V.,FBE9110215Z3,Farmacias
FADISA CONSTRUCCION DEL CENTRO SA DE CV.,FCC030925JU4,NC Edificación Comercial
FRIGORIFICOS Y CONSTRUCCIONES DE MEXICO SA. DE CV,FCM0303075M2,NC Edificación Comercial
FACULTAD DE DERECHO DE LA BARRA NACIONAL DE ABOGADOS S.C,FDB0211184E3,Educación Privada
SOCIEDAD FINANCIERA EQUIPATE S.A DE C.V SOFOM ENR,FEC050520AA2,Bancos
FRIGO EQUIPOS S.A DE C.V,FEQ1202236C2,Maquinaria y Equipo
"FIDEICOMISO F/1596.,SUC ONE AGUASCALIENTES SUR",FFX121005C6A,Hoteles
MI FARMACIA GV ECO-MEDICS S.A. DE C.V.,FGE1408149U1,Farmacias
FABRICA DE HIELO LA ESCARCHA S.A. DE C.V.,FHE500630JQ4,Manufactura Bebidas
FARMACIA JAFARPA SA DE CV,FJA140128768,Farmacias
COMERCIALIZADORA ELECTRICA MONJARAZ SA DE CV,FLA940124NS1,Pequeños Negocios
FABRICACION Y MONTAJE DE EQUIPO INDUSTRIAL SA DE CV,FME030514H91,Estructuras Metálicas
FEDERACION MEXICANA DE RUGBY A C,FMR720323HN9," Asociaciones, Institutos y Embajadas "
FASTOS OPERADORA DE HOTELES S.A DE C.V.,FOH910904T25,Hoteles
MANUEL RODRIGUEZ GOMEZ,FOME811109V84,Concesionarios Comex
FG PUBLICIDAD ESTRATEJICA SA DE CV,FPE0607124G9,Agencias Publicidad
FIBRAS Y PLASTICOS REFORZADOS SSA DE CV,FPR890214T10,Industria Química
SIMILARES S.A DE C.V,FSI970908ML5,Farmacias
FARMACIAS SIMITLA S.A.DE C.V.,FSI9903225A2,Farmacias
FARMACIAS SIMICOR S.A DE C.V,FSI990615AM4,Farmacias
FARMACIA VETERINARIA ESCOBEDO S.A DE C.V.,FVE9211235QA,Pequeños Negocios
BANQUETERIA Y GASTRONOMIA,GAN0406249F2,Manufactura Alimentos
GRUPO ARPON PUBLICIDAD Y DISEÑO S DE RL DE CV,GAP130626KA6,Agencias Publicidad
COOPERATIVA GRANJA AGRICOLA LA PROVIDENCIA S.C.L.,GAP970611DNA,Manufactura Alimentos
GRUPO AGRICOLA SAMHER SPR DE RL DE C.V,GAS070508QN2,Manufactura Alimentos
GRUPO CONSTRUCCIONES ASFALTOS Y PISOS S.A. DE C.V.,GCA030304K27,NC Edificación Comercial
GRUPO DE CONSTRUCCION BAFESA SA DE CV,GCB120305Q75,NC Edificación Comercial
GRUPO CONSTRUCTOR Y COMERCIALIZADOR DE ORIENTE S.A DE C.V.,GCC060120PD7,Herrerías
GRUPO CONSTRUCTOR CIDMI S.A DE C.V,GCC111214Q20,Herrerías
GRUPO COMERCIAL E INDUSTRIAL ITACH S.A. DE C.V.,GCE120314S71,Gaseras
GRUPO CONSTRUCTOR LICOSA S A DE C.V,GCL100818TU4,NC Vivienda Interes Social
"GRUPO CONSFHER, S.A. DE C.V.",GCO1203093L3,Educación Privada
GRUPO CONSFHER SA DE CV,GCO1203093L3,Educación Privada
"GOTOP CONSTRUCCIONES Y PROYECTOS, S.A DE C.V",GCP001002DH2,NC Edificación Comercial
GRUPO CONTRUCTOR Y SERVICIOS FIAGU SA DE CV,GCS000830V78,NC Vivienda Media
"GRUPO DE CONTRUCCION SIMEPOX, S. DE R.L. DE C.V.",GCS100616UI0,NC Edificación Comercial
GOBIERNO DEL DISTRITO FEDERAL / SECRETARIA DE SALUD,GDF9712054NA,Hospitales Privados
GOBIERNO DEL DISTRITO FEDERAL-SSP,GDF9712054NA,Hospitales Privados
SECRETARIA DE SALUD,GDF9712054NA,Hospitales Privados
GOBIERNO DEL ESTADO DE CHIAPAS/ SECRETARIA DE SEGURIDAD Y PROTECCION CIUDADANA CERSS C 14,GEC8501013X9,Seguridad Publica
GOBIERNO DEL ESTADO DE MEXICO ESCUELA SECUNDARIA ANEXA A LA NORMAL DE TEOTIHUACAN,GEM850101BJ3,Educacion Pubica
GOBIERNO DEL ESTADO DE MEXICO /CBT GUADALUPE VICTORIA,GEM850101BJ3,Educacion Pubica
ESCUELA PREPARATORIA OFICIAL NO. 86,GEM850101BJ3,Educacion Publica
GEM850101BJ3,GEM850101BJ3,Educacion Publica
GOBIERNO DEL ESTADO DE MEXICO PREPARATORIA OFIC.150,GEM850101BJ3,Educacion Pubica
PREPARATORIA OFICIAL N0. 201,GEM850101BJ3,Educacion Publica
"CBT N°1 DR. LEOPOLDO RIO DE LA LOZA, IXTAPALUCA",GEM850101BJ3,Educacion Publica
"GOBIERNO DEL ESTADO DE MEXICO /TELEBACHILLERTO COMUNITARIO NUM 512 JALTEPEC, AXAPUSCO",GEM850101BJ3,Educacion Pubica
ESCUELA PREPARATORIA OFICIAL NO 73,GEM850101BJ3,Educacion Publica
GOBIERNO DEL ESTADO DE MEXICO ESCUELA PREPARATORIA OFICIAL NO.232,GEM850101BJ3,Educacion Pubica
GOBIERNO DEL ESTADO DE MEXICO ESCUELA PREPARATORIA OFICIAL NUMERO 207,GEM850101BJ3,Educacion Publica
GOBIERNO DEL ESTADO DE MEXICO C.E.A.J.A. BELISARIO DOMINGUEZ,GEM850101BJ3,Educacion Pubica
ESC. OFIC.N-0742 JUAN RULFO,GEM850101BJ3,Educacion Publica
CBT- NO. 2 ANGEL MARIA GARIBAY KINTANA,GEM850101BJ3,Educacion Publica
GOBIERNO DEL ESTADO DE MEXICO EPO Nº327,GEM850101BJ3,Educacion Pubica
ESCUELA PREPARATORIA OFICIAL NO.161,GEM850101BJ3,Educacion Publica
PREPARATORIA AFICIAL ANEXA ALA NORMAL DE ATIZAPAN DE ZARAGOZA,GEM850101BJ3,Educacion Publica
GEM/PREPARATORIA OFICIAL NO. 31,GEM850101BJ3,Educacion Publica
GOBIERNO DEL ESTADO DE MEXICO PREPARATORIA OFICIAL NO. 237,GEM850101BJ3,Educacion Pubica
GOBIERNO DEL ESTADO DE MEXICO/ESCUELA NORMAL DE LOS REYES ACAQUILPAN,GEM850101BJ3,Educacion Pubica
ESCUELA PREPARATORIA OFICIAL No. 28,GEM850101BJ3,Educacion Publica
GOB.EDO.MEX./ESC. LEONA VICARIO,GEM850101BJ3,Educacion Pubica
GOBIERNO DEL ESTADO DE MEXICO ESCUELA PREPARATORIA OFICIAL 168 E.P.O.E.M.,GEM850101BJ3,Educacion Pubica
GEM/ESC. NORMAL DE SANTA ANA ZICATECOYAN,GEM850101BJ3,Educacion Publica
GRUPO EDUCATIVO NAUM S.C,GEN070613L46,Educación Privada
GOBIERNO DEL ESTADO DE NUEVO LEON GENERAL LAZARO CARDENAS,GEN620601DTA,Educacion Pubica
"GAS EXPRESS NIETO, S.A. DE C.V.",GEN700527K14,Gaseras
"GAS EXPRESS NIETO,S.A.DE C.V.",GEN700527K14,Gaseras
ESCUELA PRIMARIA HEROES DE LA INDEPENDENCIA,GEP8501011S6,Educacion Publica
ESC. EFROSINA CAMACHO VIUDA DE AVILA,GEP8501011S6,Educacion Publica
BACHILLERATO IGNACIA ISLAS,GEP8501011S6,Educacion Publica
GOVE ESPECIALIDADES QUIMICAS S.A. DE C.V.,GEQ101011EY9,Industria Química
GOVI ELECTROMECANICOS DE TIJUANA SA DE CV,GET111021RY1,Manufactura Industria Automotriz
GASOLINERA FOY CABO ROJO SA DE CV,GFC111019T25,Gasolineras
GRUPO GARDOMI SA DE CV,GGA081201Q48,Carpinterías
GRUPO GASOLINERO IXTLAHUAQUESE S.A. DE C.V.,GGI0204237Z4,Gasolineras
GRUPO GASTRONOMICO EL SECRETO SA DE CV,GGS120806DCA,Restaurantes
GINTEXTIL SA DE CV,GIN060309Q38,Manufactura Industria Textil
GFM INMUEBLES SA DE CV,GIN0804243J3,NC Vivienda Media
GRUPO PARISINA S. A DE C.V.,GPA930101Q17,Manufactura Industria Textil
GRUPO PUBLICITARIO CAP S.A. DE C.V.,GPC110610C20,Agencias Publicidad
"GRUPO PUBLICITARIO CAP, S.A. DE C.V.",GPC110610C20,Agencias Publicidad
GELATINAS Y POSTRES FLIPPER S.A. DE .C.V,GPF000519GTA,Manufactura Alimentos
GPM PUBLICIDAD,GPU1011187G5,Agencias Publicidad
GASTRONOMICA RESTAURANTERA LAS DELICIAS SA DE CV,GRD960329J11,Restaurantes
GRUPO SKY STEEL S.A DE C.V,GSS081205LE9,Estructuras Metálicas
GRUPO TURISTICO BIOSPHERA S.A. DE C.V.,GTB120306CZA,Hoteles
GRUPOS Y VIAJES ORGANIZADOS SA DE CV,GVO9411161Z2,NC Turistico
GAS VEHICULAR DEL SUR DE XOCHIMILCO,GVS021021N81,Gaseras
GRUPO ZORRO ABARROTERO SA DE CV,GZA9104307K6,Tiendas Conveniencia Franquicia
"GRUPO ZET INTERNACIONAL, SA DE CV",GZI860210EQ3,Manufactura Industria Textil
HOTELERA AGRICOLA SA DE CV,HAG990728IE2,Hoteles
HOTEL ALAMEDA DE MONTERREY SA DE CV,HAM990312M18,Hoteles
HOTEL BUGAMBILIAS S.A. DE C.V.,HBU9305044X6,Hoteles
HONORABLE CAMARA DE DIPUTADOS,HCD1108216E6,Municipios
"HLMT, CONSTRUCCIONES RESIDENCIALES S. DE R.L. DE C.V.",HCR130703R16,NC Vivienda Media
HEMSA. S.A. DE C.V.,HEM861016AD5,Departamentales
"HOTELERA JIUTEPEC, SA",HJI8012116R6,Hoteles
HOTEL DEL PARQUE SA,HPA420417U11,Hoteles
HOTEL PANUCO S.A. DE C.V.,HPA7301125L9,Hoteles
HOTELERA PARAISO DEL PESCADOR SA DE CV,HPP8001024C0,Hoteles
HOTEL PRIMAVERA S.A. DE C.V.,HPR870822JC3,Hoteles
HOTEL PARQUE SANTA DE SA DE CV,HPS0605189Q4,Hoteles
HIDROCONSTRUCCIONES RACE SA DE CV,HRA070110MUA,NC Edificación Comercial
HOSPITAL DE TRAUMATOLOGIA Y ESPECIALIDADES MEDICAS POLANCO S.A. DE C.V,HTE070727CQ5,Hospitales Privados
COMPAÑIA HIDROELECTRICA LA YESCA S.A DE C.V,HYE071001NI4,Generación de Electricidad
HILOS DE YECAPIXTLA SA DE CV,HYE980213UP0,Manufactura Industria Textil
INMOBILIARIA Y ADMINISTRADORA DE EMPRESAS SA DE CV,IAE770228LF8,Oficinas e Inmobiliarias
INMOBILIARIA AGUAMARIANA S.A. DE C.V.,IAG840718HZ3,Oficinas e Inmobiliarias
INMOBILIARIA ALME SA DE CV,IAL690728S73,Oficinas e Inmobiliarias
INMOBILIARIA ARTA SA,IAR640318QD7,Oficinas e Inmobiliarias
INMOBILIARIA ARTA SA,IAR640318QD7,Oficinas e Inmobiliarias
INMOBILIARIA ATOTO S.A,IAT750826V41,Oficinas e Inmobiliarias
INMOBILIARIA AUDAC S.A. DE C.V.,IAU151001P93,Oficinas e Inmobiliarias
INMOBILIARIA BOCA PAILA SA DE CV,IBP8006094E3,Oficinas e Inmobiliarias
INMOBILIARIA CAMINO A TEPOZTLAN S.A DE C.V.,ICA120201E78,Oficinas e Inmobiliarias
IMAGINEM CONCEPTOS ARQUITECTONICOS E INDUSTRIALES S.A DE C.V,ICA120328327,Concesionarios Comex
INMOBILIARIA Y CONTRUCTORA ALMIN SA DE CV,ICA1410284S0,NC Vivienda Media
INGENIERIA Y CONSTRUCCIONES INDUSTRIALES CINAG SA DE CV,ICI8910122D5,NC Edificación Comercial
IGLESIA CRISTIANA INDEPENDIENTE PENTECONTES AR.,ICI930531IY0,Iglesias
INMOBILIARIA Y CONSTRUCTORA JUGSA SA DE CV,ICJ990526IX6,NC Vivienda Interes Social
INMOBILIARIA CONFORMA SA DE CV,ICO0810222P6,Oficinas e Inmobiliarias
IASI CONSTRUCCIONES SA DE CV,ICO130620FPA,NC Edificación Comercial
INMOBILIARIA CONSTRUCCIONES Y RENTAS SA DE CV,ICR070212LW1,Oficinas e Inmobiliarias
IJC DISPLAY MARKETING SA DE CV,IDM0601315S4,Agencias Publicidad
IGLESIA DE DIOS EN MEXICO ECAR,IDM930615Q45,Iglesias
IGLECIA DEL DIOS VIVO COLUMNA Y APOYO DE LA VERDAD LA LUIZ DEL MUNDO A.R.,IDV9403091Y8,Iglesias
IGLESIA LA LUZ DELMUNDO A.R.,IDV9403091Y8,Iglesias
CAMPO LUGO CONSTRUCCIONES S.A. DE C.V.,IDV9403091Y8,Iglesias
INMOBILIARIA Y EDIFICADORA AGUILMEX SA DE CV,IEA8209148L8,NC Vivienda Media
"INGENIERIA EN ELECTRICIDAD ESPECIALIZADA, S.A. DE C.V.",IEE100609FJ0,Generación de Electricidad
INGENIERIA ESPECIALIZADA EN ENFRIAMIENTO INDUSTRIAL,IEE150612310,Oficinas e Inmobiliarias
INSTRUMENTOS Y EQUIPOS FALCON,IEF7911291F4,Maquinaria y Equipo
INSTITUTO DE ENSEÑANZA MONTESSORI A.C.,IEM970805UN4,Educación Privada
INMOBILIARIA ERANDI SA DE CV,IER961009189,Oficinas e Inmobiliarias
SOCIEDAD INDUSTRIAL EQUIPOS Y SERVICIOS SAPI DE CV,IES020111TDA,Maquinaria y Equipo
INMOBILIARIA ESCAVAL SA DE CV,IES840810NJ3,Oficinas e Inmobiliarias
INMOBILIARIA EXCELCIS SA DE CV,IEX101011UZ5,Oficinas e Inmobiliarias
INMOBILIARIA FELI-CRECE SA. DE CV.,IFE130909QE9,Oficinas e Inmobiliarias
INMOBILIARIA GARCIA RODRIGUEZ HERMANOS S A DE C V,IGR120523FV3,Oficinas e Inmobiliarias
INMOBILIARIA HERPSA S A DE C V,IHE080519NB4,Oficinas e Inmobiliarias
INDUSTRIA HOSPITALARIA INTERNACIONAL S.A DE C.V,IHI811015ET9,Manufactura Farmacéutica
SOCIEDAD INMOBILIARIA HOTELERA DE MEXICO SA DE CV,IHM981116UG3,Hoteles
INMOBILIARIA HYLY S.A. DE C.V.,IHY750523E42,Oficinas e Inmobiliarias
INSTITUTO DE INVESTIGACIONES ELECTRICAS,IIE751125JEA,Educación Privada
INSTITUTO DE INFORMATICA DE HUAUCHINANGO SC,IIH101018RN6,Educación Privada
"IMAGEN DE INMUEBLES, S.A. DE C.V.",IIN021018BE8,NC Vivienda Media
INMOBILIARIA JDF/ROM S.A.DE C.V.,IJD080718I18,Oficinas e Inmobiliarias
"INMOBILIARIA JUAN RACINE, S.A.",IJR750331HN7,Oficinas e Inmobiliarias
LA IGLESIA DE JESUCRISTO DE LOS SANTOS DE LOS ULTIMOS DIAS EN MEXICO AR,IJS930831J80,Iglesias
INSTITUTO DE LIDERAZGO SIMONE DE BEAUVOIR AC,ILS000620745,Educación Privada
INTERLAKEN MAQUINARIA SA DE CV.,IMA150526SX2,Maquinaria y Equipo
INMOBILIARIA MEDISUR SA DE CV,IME930728DH1,Oficinas e Inmobiliarias
IGLESIA MEXICANA DEL EVANGELIO DE CRISTO PENTECOSTES A R,IME940210A2A,Iglesias
INSTITUTO DE MERCADOTECNIA Y PUBLICIDAD S.C.,IMP6710234V5,Educación Privada
IMPRESOS MAQUILADORA LOS REYES S.A.DE C.V.,IMR030422ETA,Manufactura Industria Textil
"INGENIERIA Y MANTENIMIENTO DEL SOCONUSCO, S.A. DE C.V.",IMS861226A76,Oficinas e Inmobiliarias
"INSTITUTO NACIONAL DE ESTUDIOS SUPERIORES EN DERECHO PENAL, A.C.",INE970917SY3,Municipios
INMOBILIAARQUI SA DE CV,INM040129KE0,Bancos
IGLESIA NACIONAL PRESBITERIANA CONSERVADORA DE MEXICO AR,INP9310188F6,Iglesias
IGLESIA NACIONAL PRESBITERIANA PRINCIPE DE PAZ AR,INP9905255YA,Iglesias
INMOBILIARIA ORRACA SA DE CV,IOR9308316BA,Oficinas e Inmobiliarias
INMOBILIARIA PASO SA DE CV,IPA680418143,Oficinas e Inmobiliarias
IGLESIA PENTECOSTES EL CAMINO LA VERDAD Y LA VIDA DE MEXICO,IPC930827TD9,Iglesias
INSTITUTO PEDAGOGICO DE EDUCACION INICIAL SC,IPE030724P13,Educación Privada
INNOVACION PEDAGOGICA SC,IPE030926S92,Educación Privada
INMOBILIARIA PLAZA GOLONDRINAS SA DE CV,IPG050603737,Oficinas e Inmobiliarias
INGENIERIA Y PROYECTOS INTEGRALES VEGA,IPI080812A53,NC Edificación Comercial
INGENIERIA Y PROYECTOS IAQ SA DE CV,IPI091106AL9,NC Edificación Comercial
INMOBILIARIA PIONER SA DE CV,IPI8501281Q6,Oficinas e Inmobiliarias
INGENIERIA Y PROYECTOS KRAKEN S.A DE C.V.,IPK930211876,NC Edificación Comercial
INSTITUTO PEDAGOGICO MEZTLI S.A.,IPM050610AW6,Educación Privada
INSTALACIONES Y PROYECTOS MEDINA MARTINEZ S.A DE C.V,IPM100309NL9,Oficinas e Inmobiliarias
INMOBILIARIA PRISMA XXI SA DE CV,IPX980714C65,Oficinas e Inmobiliarias
INDUSTRIAS QUIMICAS ALMAR SA DE CV,IQA900525PB7,Industria Química
IMPULSORA DE RESTAURANTES EL FOGONCITO SA DE CV,IRF920127AA7,Restaurantes
INDUSTRIAS Y REPRESENTACIONES GAR-VEL SA DE CV.,IRG5808055PA,NC Edificación Comercial
INMOBILIARIA REL DE SAN ANDRES SA DE CV,IRS141027DC8,Oficinas e Inmobiliarias
INMOBILIARIA SOULT Y GALIANA SA DE CV,ISA100212DP2,Oficinas e Inmobiliarias
INSTITUTO SUPERIOR DE ESTILISMO Y BELLEZA PROFESIONAL,ISE0107116G0,Educación Privada
ISEP ELECTRIC,ISE120716NU3,Calderas y Tanques Metálicos
INSTITUTO DE SEGURIDAD SOCIAL PARA LAS FUERZAS ARMADAS,ISS7607295W9,Hospitales Privados
INOVACIONES TEGNOLOGICAS ARSI DE MEXICO SA DE CV,ITA110314EA9,NC Edificación Comercial
INMOBILIARIA TORRUMAR SA DE CV,ITO111209FJ9,Oficinas e Inmobiliarias
INSTITUTO TECNOLOGICO SUPERIOR DE JESUS CARRANZA,ITS080804LN8,Educación Privada
INSTITUTO UNIVESITARIO METROPOLITANO SC,IUM840209IV1,Educación Privada
ICEL UNIVERSIDAD S.C.,IUN020806237,Educación Privada
INMOBILIARIA VALLE OSCURO SA DE CV,IVO020702UG6,Oficinas e Inmobiliarias
JASMAN AUTOMOTRIZ S.A DE C.V.,JAU0611063P1,Agencias Automotrices
IGLESIA LA LUZ DEL MUNDO AR JURIDICCION CENTRO,JCD940707B87,Iglesias
JURISDICCION CENTRO IGLESIA LA LUZ DEL MUNDO . A.R.,JCD940707B87,Iglesias
JJD CONSTRUCCIONES S.A. DE C.V.,JCO010207KE5,NC Edificación Comercial
JEMACO CONSTRUCCIONES S.A. DE.V.,JCO120209HKA,NC Edificación Comercial
JUSTICIA GENERO Y CIUDADANIA ESTRATEGICA A.C,JGC130516U5A,Municipios
LOS JAROCHOS DE NEXTENGO S. DE R.L. DE C.V.,JNE9202279F3,Restaurantes
JARDIN DE NIÑOS MODERNO TEPEYAC S.C.,JNM810603T91,Educación Privada
JAD PROYECTO Y CONSTRUCCIONES SA DE CV,JPY070528427,NC Edificación Comercial
JOYERIA URUAPAN S.A.DEC.V.,JUR911220HY4,Pequeños Negocios
JAMES WEST MEXICO SA DE CV,JWM990720395,Manufactura Industria Textil
KEVER AUTOPARTES SA DE CV,KAU070605V63,Autopartes
KRABSA CONSTRUCCIONES Y ACABADOS S.A. DE C.V.,KCA9110257I8,NC Edificación Comercial
KINDER GARDEN KRAYOLA AC,KGK990514GM4,Educación Privada
LABIXER S. A. DE C.V.,LAB150116CI2,Carpinterías
LAKVI SA,LAK801205N76,Estructuras Metálicas
LIZETTE CONSTRUCCIONES SA DE CV,LCO080228DN2,NC Edificación Comercial
LUVICA CONSTRUCCIONES SA DE CV,LCO080723TJ4,NC Edificación Comercial
LONAS Y CARPAS DE LOS SANTOS,LCS120222K49,Manufactura Industria Textil
L.B.DISEÑO Y CONSTRUCCIONES SA DE CV,LDC940913RY8,NC Edificación Comercial
LABORATORIO DIESEL TIDSA SA DE CV,LDT101216PA0,Industria Química
LOBO HORNOS INDUSTRIALES SA DE CV,LHI0510115X4,Herrerías
FREDDY ANTONIO LOPEZ TORT,LOTF6209223L8,Concesionarios Comex
LABORATORIOS PIZZARD SA DE CV,LPI600823J65,Manufactura Farmacéutica
LABORATORIOS RUILAND SA DE CV,LRU810824S7A,Manufactura Farmacéutica
"LANDARTA SERVICIOS, S.A. de C.V.",LSE1007088R9,Concesionarios Comex
MAXIM ALIMENTOS SA DE CV,MAL020909K27,Manufactura Alimentos
MAQUINARIA AGRICOLA DE QUERETARO SA DE CV,MAQ880708BM7,Maquinaria y Equipo
MATERIAL Y ACERO SANTO DOMINGO SA DE CV,MAS120126JY5,Acero
MUNICIPIO DE AMATITLAN VERACRUZ,MAV6212015M4,Municipios
"MUEBLES PARA BAÑO , S . A. DE C. V.",MBA840712F58,NC Edificación Comercial
MUEBLES PARA BAÑO S.A DE C.V,MBA840712F58,NC Edificación Comercial
MUEBLES BELMONT S.A DE C.V,MBE870525PA6,Carpinterías
MUNICIPIO DE CARLOS A. CARRILLO.VER.,MCC970101M35,Municipios
"MEXICANA DE CONSTRUCCIONES G&M, S.A. DE C.V.",MCG080328K86,NC Edificación Comercial
MUEBLES Y COCINAS JAZMIN S.A.DE.C.V.,MCJ090414I80,Carpinterías
MAHEJA CONSTRUCCIONES S.A. DE C.V,MCO0204014W5,NC Edificación Comercial
MORIAH CONSTRUCCIONES SA DE CV,MCO140519659,NC Edificación Comercial
MICIL CONSTRUCCIONES Y REFORMAS SA DE CV,MCR140515Q32,NC Edificación Comercial
"MEGA DESIGN , S.A. DE C.V.",MDE0605184RA,Bancos
MADERAS Y DERIVADOS SANCHEZ S.A. DE C.V.,MDS900821RM3,Carpinterías
"MSF ELECTRO CONSTRUCCIONES EN MEDIA Y BAJA TENCION, S.A. DE C.V.",MEC101213EY1,NC Edificación Comercial
MULTISERVICIOS DEEQUIPO ELECTRONICO Y COMPUTO SA. DE. CV.,MEE970825ND4,Maquinaria y Equipo
INGENIERIA CONSTRUCCION Y ARRENDAMIENTO SA DE CV,MEFR8009168S,NC Edificación Comercial
MONTACARGAS Y ELEVADORES INDUSTRIALES MIE S DE RL DE CV,MEI140619IX1,Carrocerías y remolques
MANTENIMIENTO DE EQUIPO Y MAQUINARIA S.A. DE C.V.,MEM8902238D6,Maquinaria y Equipo
MAQUILADOS FRONTERIZOS DEL NORTE SA DE CV,MFN031210AT9,Manufactura Industria Textil
MISIONEROS DE GUALUPE AR,MGU940314CA2,Iglesias
MAQUINARIA HERPA SA DE CDV,MHE140728533,Maquinaria y Equipo
MUNICIPIO DE HUETAMO MICH.,MHM8501016A8,Municipios
MOVIMIENTO IGLESIA EVANGELICA PENTECOSTES INDEPENDIENTE A.R,MIE930708MJ9,Iglesias
MUNICIPIO DE LANDA DE MATAMOROS QUERETARO,MLM850101G68,Municipios
MM CONSTRUCCIONES SA DE CV,MMC880829M99,NC Edificación Comercial
MONTACARGAS Y MAQUINAS INDUSTRIALES ALDOMO SA DE CV,MMI0207048HA,Carrocerías y remolques
"M Y M STUDIO, SC",MMS970124NP6,Educación Privada
MODATELAS SAPI DE C.V.,MOD041014KI3,Departamentales
MUSEO DEL OBJETO DEL OBJETO AC,MOO100812BF5,Museos
MR PINTURAS Y RECUBRIMIENTOS LA LUNA SA DE CV,MPR140218880,Concesionarios Comex
MOTEL QUINTA BUGAMBILIAS S.A. DE C.V.,MQB980729E11,Hoteles
"MANTENIMIENTO Y REMODELACION PARA COORPOTATIVOS, S.A. DE C.V.",MRC030422AFA,NC Edificación Comercial
MALACATES Y REFACCIONES PARA DESAZOLVE SA DE CV,MRD980213376,Pequeños Negocios
MADERAS Y TABLEROS MICHOMEX SA DE CV,MTM1212198Z9,Carpinterías
"NACIONAL DE COMBUSTIBLES Y LUBRICANTES, S.A. DE C.V.",NCL150130CI2,Gasolineras
NIDO CONSTRUCCIONES S . A DE C . V,NCO0211138NA,NC Edificación Comercial
NIDO CONSTRUCCIONES,NCO0211138NA,NC Edificación Comercial
NIDO CONSTRUCCIONES S.A DE C.V,NCO0211138NA,NC Edificación Comercial
90 CONSTRUCCIONES SA DE CV,NCO1004151C8,NC Edificación Comercial
NUEVA ESCUELA JUSTO SIERRA AC,NEJ8208102E0,Educación Privada
"NEGOCIACION INDUSTRIAL CARVID, S.A DE C.V",NIC900618N19,NC Edificación Comercial
NOVALIMENTOS DE MEXICO S DE RL DE CV,NME081219RG7,Manufactura Alimentos
"ODAPAS DEL MUNICIPIO DE IXTAPALUCA, EDO. DE MEX.",OAP911017317,Municipios
OPERADORA Y ADMINISTRADORA SW S.A. DE C.V.,OAS050406RT6,Oficinas e Inmobiliarias
OPERADORA DE COLEGIOS AGB AC,OCA100927R52,Educación Privada
"OBRAS Y CONSTRUCCIONES DIARAM, SA DE CV",OCD090218RS3,NC Edificación Comercial
OPERADORA CENTRAL DE ESTACIONAMIENTO S.A.P.I. DE C.V,OCE9412073L3,Oficinas e Inmobiliarias
DE ORIENTE COLEGIO J.P. S.C.,OCJ040311CT7,Educación Privada
"OVYCO CONSTRUCCIONES, S.A. DE C.V.",OCO051021QZ9,NC Edificación Comercial
OPERACIONES CAPILARES PETROLERAS SA DE CV,OCP120607SV6,Petróleo y Gas
OPERADORA Y COMERCIALIZADORA DE ZACATLAN SA. DE CV.,OCZ080312ILA,Hoteles
OBRADOR Y EMPACADORA LA BARCA S.A DE C.V,OEB850803CM1,Manufactura Alimentos
OPERADORA DE ESTACIONES DE SERVICIO 20-20 S.A DE C.V,OES070503PZ1,Gasolineras
OMEGA EMPRESAS UNIDAS SA DE CV,OEU990720LH4,Hospitales Privados
ONE FACE MARKETING SERVICES S DE RL DE CV,OFM1201317R5,Agencias Publicidad
OPERADORA GASTRONOMICA AGUA Y SAL SA DE CV.,OGA1006146M3,Agua
OPERADORA DE HOTELES LA MOA SA DE CV,OHM000524GP9,Hoteles
ONSITE LABORATORIES DE MEXICO SA DE CV,OLM960718GLA,Manufactura Farmacéutica
OPERADORA OMX S A DE C V,OOM960429832,Departamentales
PROMOVICA S.A.DE C.V.,OOM960429832,Departamentales
OBRAS Y PROYECTOS IME SA DE CV,OPI110802UY2,NC Edificación Comercial
OBRAS PROYECTOS Y SISTEMAS S.A C.V,OPS91040588A,NC Edificación Comercial
OPERADORA DE RESTAURANTES Y BARES LA UNICA DE GUERRERO S.A DE C.V.,ORB9603207GA,Restaurantes
"OPERADORA DE RESTAURANTES DURAZNOS, S.A. DE .V.",ORD000301QY5,Restaurantes
OPERADORA DE SERVICIOS ROSENDO PEREZ SA DE CV,OSR890601LB1,Oficinas e Inmobiliarias
OPERADORA VIPS S DE RL DE CV.,OVI800131GQ6,Restaurantes
PERFILES Y ACEROS CUAJIMALPA SA DE CV,PAC0405242H4,Acero
PROCESADORA DE ALIMENTOS CORREGIDORA S.A. DE C.V.,PAC130305HT5,Manufactura Alimentos
PINTURAS AVENIDA CENTENARIO SA DE CV,PAC140813LS4,Concesionarios Comex
PRESEA ACESORIA EN CALIDAD SA DE CV,PAC9901126G9,Educación Privada
PACO ALIMENTOS SA DE CV,PAL010524PJ5,Manufactura Alimentos
PROYECTOS Y CONSTRUCCIONES FARO SA DE CV,PCF980203UR4,Acero
PROYECTOS Y CONSTRUCCIONES FARO S.A. DE C.V.,PCF980203UR4,Acero
"PLANIFICACIONES Y CIMENTACIONES, S. A DE C. V.",PCI030425RD5,NC Edificación Comercial
PROYECTO Y CONSTRUCCIONES INTEGRALES EXHIBA S.A. DE C.V.,PCI140929CH4,Acero
PINTURAS COLEGIO MILITAR,PCM130315HS1,Concesionarios Comex
PROCARD CONSTRUCCIONES S.A DE C.V.,PCO150610E10,NC Edificación Comercial
PINTURAS CONTIMEX SA DE CV,PCO8608015SA,Industria Química
PALERMO CONSTRUCCIONES SA DE CV,PCO980910RX9,NC Edificación Comercial
"PROMOTORA Y DESARROLLADORA ANAIRAM, S. A. DE C. V.",PDA090801DW0,Oficinas e Inmobiliarias
PANIFICADORA DON BETO S.A DE C.V,PDB070206677,Manufactura Alimentos
PLANEACION Y DIRECCION CONSTRUCTORA SA DE CV,PDC880314V20,NC Edificación Comercial
PLANEACION Y DIRECCION CONSTRUCTORA S.A DE C.V,PDC880314V20,NC Edificación Comercial
DAIKER INMOBILIARIA S.A.P.I DE C.V.,PDS020725EAA,NC Vivienda Media
PASTELES LA ESPERANZA ERMITA S.A DE C.V.,PEE0001264J0,Manufactura Alimentos
PLANEACION ESTRATEGICA INMOBILIARIA SA DE CV,PEI990323B51,Oficinas e Inmobiliarias
PROTEINAS Y ENERGETICOS DE LAGOS SA DE CV,PEL0210214I1,Manufactura Alimentos
PROMOTORES DE LA EDUCACION OLOF PALMES S.C.,PEO891206S38,Educación Privada
PATRONATO DE LAS ESCUELAS PRIMARIAS DE EXTENCION MEXICO A.C,PEP7205086C7,Educación Privada
PARQUE ECUESTRE RANCHO ALEGRE SA DE CV,PER050912G47,Parques Recreativos
PROYECTO EDIFICAION Y MANTENIMIENTO GRUPO MS DE RL DE CV,PEY120530AP3,NC Edificación Comercial
PUERTAS FINAS DE MADERA OBSERVATORIO S.A.DE C.V.,PFM001113JB0,Carpinterías
PROVINCIA FRANCISCANA DEL SANTO EVANGELIO DE MEXICO A.R.,PFS931208AU0,Iglesias
"PROMOTORA HOTELERA TACUBA, S.A. DE C.V.",PHT0103074L9,Hoteles
PROCESADORA INDUSTRIAL DEL ACERO SA DE CV,PIA860915113,Acero
PRIMERA IGLESIA BAUTISTA DE CIUDAD SATELITE AR,PIB951103LT5,Iglesias
PANIFICADORA ICIAR S.A DE C.V.,PIC8107211TA,Manufactura Alimentos
PUBLICIDAD INTEGRAL MEZA S DE RL DE CV,PIM120727UI7,Agencias Publicidad
POLYNER INDUSTRIAL DE MEXICO SA DE CV,PIM990420R70,Industria Química
PINTURAS INDUSTRIALIZADAS PLASTIFICADAS SA DE C V,PIP9001198T0,Industria Química
"PROMOTORA INMOBILIARIA RESIDENCIAL MICHOACANA, S.A. DE C.V.",PIR821202264,Oficinas e Inmobiliarias
PINTURAS INDUSTRIALES SABA S DE RL DE CV,PIS1312199D3,Concesionarios Comex
AUDITORIA SUPERIOR GUBERNAMENTAL DEL CONGRESO DEL,PLE970417456,Municipios
PERFILES Y LAMINAS A LA MEDIDA S.A. DE C.V.,PLM8706097GA,Acero
PANIFICADORA LA LOMA SA DE CV,PLO8106059X2,Manufactura Alimentos
PARQUE MOVIL ATRACCIONES ESPECTACULARES S.A DE C.V.,PMA920212822,Pequeños Negocios
PESCADOS Y MARISCOS LUBASA S.A. DE C.V.,PML860820872,Restaurantes
PARROQUIA DE NUESTRA SEÑORA DE GUADALUPE SALUD DE LOS ENFERMOS EN MONTERREY NL AR,PNS030909PB1,Iglesias
PINTORES Y PINTURAS Y EQUIPOS PROFESIONALES S.A DE C.V.,PPE890429K2A,Industria Química
PROMOCIONES QUIMICAS Y PETROQUIMICAS SA DE CV,PQP950608486,Industria Química
PREMIUM BRANDS S. DE RL DE CV,PRB100802H20,Restaurantes
PROVEDUCA S.C.,PRO080319T5A,Educación Privada
PINTURAS Y SOLVENTES DE LA CUENCA S DE R.L DE C.V,PSC831228NK9,Industria Química
PUBLICIDAD Y SOLUCIONES GREEN SA DE CV,PSG061123PQ9,Tiendas Conveniencia Franquicia
PROMOTORA VEREDA DEL PEDREGAL S.A. DE C.V.,PVP941018JM9,Hoteles
PROYECTOS Y CONSTRUCCIONES ALTA GAMA SA DE CV,PYC120303A54,Acero
544 INMOBILIARIA SA DE CV,QCC060731D64,NC Vivienda Media
QUIRINO'S CONSTRUCCIONES ESTRUCTURAS METALICAS Y MANTENIMIENTO INDUSRIAL S.A DE C.V,QCE130822DN4,Estructuras Metálicas
QUIFER CONSTRUCCIONES SA DE CV,QCO140220E22,NC Edificación Comercial
QUIMICA Y REPRESENTACIONES EGLOFF SSA DE CV,QRE830308H45,Industria Química
QUIMICA Y SISTEMAS PARA EL MANTENIMIENTO DEL AGUA S.A. DE C.V.,QSM050210T13,Industria Química
REFACCIONES Y ACCESORIOS ESPECIALISADOS S.A. DE C.V.,RAE010620C25,Pequeños Negocios
RM CARPINTERIA DE ALUMINIOS S.A DE C.V,RCA050316H79,Carpinterías
RATE CONSTRUCCION Y AUTOMATIZACION SA DE CV,RCA110817AK4,NC Edificación Comercial
RELOJES CENTENARIOS S.A DE C.V.,RCE850212P64,Manufactura Electrónica
RADIOMASTER COMUNICACIONES S.A. DE C.V.,RCO0601254U7,Radió
ROEL COMERCIALIZADORA S.A. DE C.V.,RCO880603M97,NC Edificación Comercial
REYES GAS S.A DE C.V,RGA860630613,Gaseras
RELAMPAGO GRUPO CONSTRUCTOR INMOBILARIO SA DE CV,RGC041118Q6A,Carpinterías
RESTAURANTE EL MONASTERIO DEL CARMEN SA DE CV,RMC821004644,Restaurantes
"ROAS MERCADOTECNIA, S.A. DE C.V.",RME090511QM6,Agencias Publicidad
REPRESENTACIONES Y MERCADOTECNIA SANTORINI,RMS011022721,Agencias Publicidad
RMV EQUIPOS S DE RL DE CV,RMV140313F15,Maquinaria y Equipo
CONSTRUCTORA Y EDIFICADORA L Y H S.A. DE C.V.,ROPF690901BL,NC Hospitales y clínicas
RESIDENCIAL PARQUES GDL SAPI DE CV.,RPG110830SZ5,NC Vivienda Lujo
REACTIVOS QUIMICOS Y EQUIPOS DE MICHOACAN S A DE C V,RQE101223FI1,Industria Química
"RODRIGUEZ RIOS CONSTRUCCIONES, S.A DE C.V",RRC110308HS9,NC Edificación Comercial
"ROCA REFACCIONES, S.A.DEC.V.",RRE9208038C4,Pequeños Negocios
REFACCIONARIA ROGELIO S.A DE C.V,RRO791121AX4,Pequeños Negocios
RED. SIGLO XXI S.A DE C.V.,RSX0304091S7,Gasolineras
RESTAURANTES TOKS S.A.DE C.V.,RTO840921RE4,Restaurantes
REMOLQUES Y TANQUES DE TEXCOCO S.A DE S.V,RTT0804186R4,Carrocerías y remolques
REFACCIONES VALVULAS Y CONEXIONES DE INOXIDABLE SA DE CV,RVC020715A65,Pequeños Negocios
STRUCPIPE DEACERO S.A. DE C.V.,SAC1009014KA,Acero
"SEP, ADMINISTRACION FEDERAL DE SERVICIOS EN EL DISTRITO FEDERAL",SAF121101UT3,Educacion Publica
ESCUELA SECUNDARIA N. 76 P T MANUEL GAMIO,SAF121101UT3,Educacion Publica
SEP ADMINISTRACION FEDERAL DE SERVICIOS EDUCATIVOS EN EL DISTRITO FEDERAL,SAF121101UT3,Educacion Publica
"ESC. SEC. Nº 165 ""PRESIDENTE SALVADOR ALLENDE "" T.M.",SAF121101UT3,Educacion Publica
ESC. SEC. 266 TEOTIHUACAN,SAF121101UT3,Educacion Publica
SISTEMAS DE ARNESES K&S MEXICANA S A DE C V,SAK960514KC5,Autopartes
"SERVILLANTAS DE ALTAMIRANO, S.A. DE C.V.",SAL900809IB7,Pequeños Negocios
SUMINISTROS EN ACEROS DE TOLUCA S.A. DE C.V.,SAT0708234B9,Acero
SUMINISTROS EN ACEROS DE TOLUCA SA DE CV,SAT0708234B9,Acero
SERVICIO BEGONIA SA DE CV,SBE921216JS3,Gasolineras
SAN BERNARDINO DE SIENA XOCHIMILCO CO DF AR,SBS941214QQ1,Iglesias
JESUS NUÑEZ QUINTANA,SCA140313CF7,Herrerías
SERVICIOS DE CONSTRUCCION Y ACABADOS CONSTRUYE MEXICO SA DE CV,SCA140313CF7,Herrerías
SISTEMAS Y COMUNICACIONES GAYTAN MEDINA SA DE CV,SCG1107143B0,Pequeños Negocios
SERVICIO CIENEGUITAS S.A. DE C.V.,SCI010709FM4,Gasolineras
SUITE CAMPESTRE DE MORELIA S.A. DE C.V.,SCM920408IY5,Hoteles
SUPPAPE COMERCIALIZADORA SA DE CV,SCO070130GX4,Pequeños Negocios
STEEL-O CONSTRUCCIONES SA DE CV,SCO080908PF5,NC Edificación Comercial
SUPER CENTRO REFACCIONARIO S A DE C V,SCR911212EL6,Pequeños Negocios
SISTEMA PARA EL DESARROLLO INTEGRAL DE LA FAMILIA DEL MUNICIPIO DE JUAREZ,SDI850921RG4,Oficinas e Inmobiliarias
S.D.N. HOSPITAL MILITAR DE ZONA DE TEMAMATLA MEXICO,SDN8501014D2,Municipios
SDN TIENDA SEDENA 1-13,SDN8501014D2,Municipios
SDN CAFETERIA 2/O REGIMIENTO DE ARTILLERIA,SDN8501014D2,Municipios
"SECRETARIA DE LA DEFENSA NACIONAL, U.H.M. 1-A-3 CHIHUAHUA",SDN8501014D2,Municipios
SDN 3/ ER REGIMIENTO BLINDADO DE RECONOCIMIENTO,SDN8501014D2,Municipios
SDN CTEL GRAL 37/a ZONA MILITAR,SDN8501014D2,Municipios
SDN CONST UHM SAT LUCIA 3,SDN8501014D2,Municipios
SDN9/O.BATALLON DE INFANTERIA,SDN8501014D2,Municipios
SALUD DIGNA PARA TODOS IAP,SDT031013132,Hospitales Privados
SERVICIOS EDUCATIVOS INTEGRALES S.C,SEI761129QL7,Educación Privada
ESCUELA BEATRIZ GURRERO VDA.DE VARELA,SEI920604D7A,Educación Privada
ESCUELA SECUNDARIA LEYES DE REFORMA,SEI920604D7A,Educacion Publica
ESC.PRIMARIA SOR JUANA INES DE LA CRUZ C.C.T 15DPR1257E,SEI920604D7A,Educacion Publica
SERVICIOS EDUCATIVOS IINTEGRADOS AL ESTADO DE MEXICO,SEI920604D7A,Educacion Publica
ESCUELA PRIMARIA GABRIEL RAMOS MILLAN CCT,SEI920604D7A,Educacion Publica
SERVICIOS ESPECIALIZADOS EN LINEAS DE FLUIDOS SA DE CV,SEL0608314F3,Pequeños Negocios
SISTEMAS Y EQUIPOS DE LUBRICACION SA DE CV,SEL8612196R5,Maquinaria y Equipo
SERVICIOS ECOLOGICOS MUNICIPALES SA,SEM950830328,Municipios
ESCUELA PRIMARIA RUR.FED. JOSE MARIA MORELOS,SEP210905778,Educacion Publica
SEP DGETI CETIS Nº 29,SEP210905778,Educacion Publica
CECATI 171,SEP210905778,Educacion Publica
SEP-DGETI CETIS-10,SEP210905778,Educacion Publica
SECRETARIA DE LA EDUCACION PUBLICA,SEP210905778,Educacion Publica
SEP/DGCFT/CECATI#48,SEP210905778,Educacion Publica
SAAD GLOBAL MARKETING SA DE CV,SGM130903KC0,Agencias Publicidad
SECRETARIA DE GOBERNACION ORGANOADMINISTRATIVO DESCONCENTRADO POLICIA FEDERAL,SGO130103UJ4,Seguridad Nacional
SUPER HOSPITAL DE CALZADO S.A DE C.V,SHC7309103D3,Hospitales Privados
SOLUCIONES HOSPITALARIAS INTEGRALES SA. DE CV.,SHI031104U6A,Hospitales Privados
SERVICIOS DE INGENIERIA BARON S.A DE C.V.,SIB131107C90,NC Edificación Comercial
SERVICIOS INTEGRALES DE CALIBRACION .S.A.DE C.V.,SIC120903V75,Pequeños Negocios
SISTEMA INTEGRAL DE CONTABILIDAD CCR Y ASOC.S.C-,SIC890921Q44,Hospitales Privados
SUPER MERCADOS INTERNACIONALES HEB S.A. DE C.V.,SIH9511279T7,Autoservicios
SERVICIOS INTEGRALES DE MORELOS SA DE CV,SIM920219C83,Pequeños Negocios
SERVICIO INTEGRAL DE PLAGAS SA DE CV,SIP9608061R4,Oficinas e Inmobiliarias
SALCHICHAS Y JAMONES DE MEXICO SA DE CV,SJM880607FU8,Manufactura Alimentos
SERVICIO KAFEGO SA DE CV,SKA0409078V2,Petróleo y Gas
SECRETARIA DE MARINA - HOSPITAL NAVAL CAMPECHE,SMA850101TQ4,Marino
SISTEMA MUNICIPAL PARA EL DESARROLLO INTEGRAL DE LA FAMILIA LA PAZ,SMD870101MDA,Municipios
SISTEMA MUNICIPAL PARA EL DESARROLLO INTEGRAL DE LA FAMILIA ZUMPANGO,SMD940801GI2,Municipios
SISTEMA MUNICIPAL PARA EL DESARROLLO INTEGRAL DE LA FAMILIA DE TEOLOYUCAN,SMD950906TI3,Municipios
SISTEMA MUNICIPAL DIF. EN VILLA VICTORIA,SMD960101479,Municipios
STELLA MARIS INMOBILIARIA PROYECTOS Y COSTRUCCIONES S.A. DE C.V.,SMI140707MJ8,Oficinas e Inmobiliarias
SINDICATO DE MAESTROS AL SERVICIO DEL ESTADO DE MEXICO,SMS670512LC5,Educacion Publica
SERVICIO PARA MAQUINARIA URBANA Y FORANEA SA DE CV,SMU890309G60,Maquinaria y Equipo
SINDICATO NACIONAL DE TRABAJADORES DE CAPUFE,SNT650806LJ1,Educacion Publica
SINDICATO NACIONAL DE TRABAJADORES DEL SEGURO SOCIAL SECCION XXI,SNT921106517,Hospitales Privados
SONIGAS S.A. DE C.V.,SON990511MI0,Gaseras
SECUNDARIA TECNICA 24,SPC130227L99,Educacion Publica
SECRETARIA DE PLANEACION Y ADMINISTRACION DE FINANSAS,SPC130227L99,Municipios
"SERVICIOS PROFESIONALES JH, S.A DE C.V",SPJ050801JF1,Educación Privada
SERVICIO PORTOMARIN S.A. DE C.V.,SPO061116FB7,Gasolineras
SERVICIO PORTOMARIN S.A DE C.V,SPO061116FB7,Gasolineras
SONOMEX PUBLICIDAD S.A. DE C.V.,SPU920708K99,Agencias Publicidad
SERVIGAS SAN FRANCISCO S.A. DE C.V.,SSF0402023X3,Gasolineras
"SERVICIOS SIMPA, S.A. DE C.V.",SSI031217JG3,Gasolineras
SEMAGAM SERVICIO Y MATERIAL PARA GASOLINERAS DE MEXICO SA DE CV,SSM1304184W0,Gasolineras
SERVICIOS A LA NAVEGACION EN EL ESPACIO AEREO MEXICANO,SSN051121AI7,Educación Privada
S.C.T. SERVICIO A LA NAVEGACION EN EL ESPACIO AEREO MEXICANO,SSN051121AI7,Educación Privada
SERVICIO DE SALUD PUBLICA DEL DISTRITO FEDERAL,SSP9707038T0,Hospitales Privados
SUPER SERVICIO DEL RIO SA DE CV,SSR7607088Q3,Gasolineras
SUBURBIA S. DE R.L. DE C.V.,SUB910603SB3,Departamentales
SECUNDARIA VESPERTINA SIMON BOLIVAR AC,SVS8609108J4,Educación Privada
TRANSFORMACION DE ACERO Y CONSTRUCCIONES SA DE CV,TAC0804045GA,Acero
TECNOLOGIA AUTOMOTRIZ COLIMA SA DE CV,TAC111011961,Agencias Automotrices
TEXTILES DE AGUASCALIENTES S DE RL MI,TAG0101251F0,Manufactura Industria Textil
TAJIN SA DE CV,TAJ670527443,Educación Privada
TERMINAL DE AUTOBUSES DE PASAJEROS DE ORIENTE S.A. DE C.V.,TAP721124IU7,Centrales de Autobuses
TRACTOCAMIONES BASURTO SA DE CV,TBA050301AA3,Carrocerías y remolques
TIENDA COMERCIAL MEXICANA,TCM951030A17,Autoservicios
"TENME CONSTRUCCIONES, S.A. DE C.V.",TCO0208299A6,NC Edificación Comercial
TECNORAMPAS SA DE CV,TEC080710M22,Estructuras Metálicas
TECONOLOGIA EN EQUIPOS INOXIDABLE S.A.,TEI7209049U6,Maquinaria y Equipo
TEJAS PORTILLA PEDRO.,TEPP820920F67,Concesionarios Comex
TEXTIL EQUIS SA DE CV,TEQ120706N21,Manufactura Industria Textil
TECNOLOGICO DE ESTUDIOS SUPERIORES DEL ORIENTE DEL ESTDO DE MEXICO,TES970829JF3,Educacion Publica
TEXTITROM S.A DE C.V,TEX890301189,Manufactura Industria Textil
TRANSPORTES Y GRUAS ESPECIALIZADAS PHEVAC SA DE CV,TGE1001122F0,Carrocerías y remolques
TIFAM INMOBILIARIA SA DE CV,TIN0810133R8,Oficinas e Inmobiliarias
TEXTILES LAMINADOS Y BONDEADOS S.A. DE C.V.,TLB010531AW7,Manufactura Industria Textil
TIENDAS LORES SA DE CV,TLO911230JF8,Pequeños Negocios
TRANSFORMACEROS MEXICO S.A DE C.V,TME100907BM6,Acero
TELESET MEXICO S.DE RL.DE C.V.,TME1307019Q3,Televisión
"TELETEC DE MEXICO, S.A.P.I. DE C.V.",TME910924TL5,Televisión
TECNO MOBILE S.A DE C.V,TMO040127AG3,Carpinterías
TRANSPORTES ORTA SA DE CV,TOR9807203M4,Carrocerías y remolques
TRANSPORTES Y SERVICIOS DE COMERCIO EXTERIOR TREXT SA DE CV,TSC141031CI0,Pequeños Negocios
TIENDAS SORIANA S.A.DE C.V.,TSO991022PB6,Autoservicios
360 VIVIENDA SA DE CV,TSV110929L28,NC Vivienda Interes Social
TURISMO Y TRANSPORTE AUTOCARES DE MEXICO S.A. DE C.V.,TTA0702165A5,Hoteles
TIENTDAS TRES B S.A. DE C.V.,TTB040915CY9,Autoservicios
TEXTILE TESTING SERVICES OF AMERICA S.A. DE C.V.,TTS080523QF6,Manufactura Industria Textil
UNIVERCIDAD AUTONOMA DEL ESTADO DE MEXICO,UAE560321II2,Educacion Publica
UNIVERDIDAD CATOLICA LUMEN GETIUM AC,UCL010209NS8,Educación Privada
URBANIZACIONES Y CONSTRUCCIONES LOS MANANTIALES SA DE CV,UCM1302197C6,NC Edificación Comercial
UNIDAD DE GASOLINERAS S.A. DE C.V.,UGA980608G31,Gasolineras
UNION GANADERA REGIONAL DE CHIHUAHUA,UGR360921M6A,Manufactura Alimentos
ESC SEC TECNICA N0 54 PROF LEONCIO ISAAC SALAZAR CASTILLO,UIE920518PI5,Educacion Publica
ESCUELA PRIMARIA JUAN E. RENDON RIOS T.M.,UIE920518PI5,Educacion Publica
UNIDAD DE INTEGRACION EDUCATIVA NUEVO LEON,UIE920518PI5,Educación Privada
"UNILEVER DE MEXICO, S. DE R.L. DE C.V.",UME651115N48,Manufactura Alimentos
UNIVERSIDAD DE MORELIA S.C.,UMO971230T86,Educacion Publica
"UNIVERSIDAD DEL NORTE, AC",UNO781104V5A,Educacion Publica
UNIDAD PEDAGOGICA ARISTOTELES SOCIEDAD CIVIL,UPA080701H75,Educación Privada
UNIVERSIDAD POLITECNICA DE CHIMALHUACAN,UPC1401139E8,Educación Privada
"UNIFORMES Y PROMOCIONALES, S.A. DE C.V.",UPR970521MC4,Manufactura Industria Textil
UNIVERSIDAD DE LA REPUBLICA MEXICANA SC,URM010221JM2,Educacion Publica
U SERVERS COMUNICACIONES SC,USC010611JS3,Mantenimiento Carreteras y Caminos
US.CONSTRUCTORA S.A DE C.V,USC040223HX8,NC Edificación Comercial
UNIDAD DE SERVICIOS EDUCATIVOS DEL ESTADO DE TLAXCALA,USE9205217S8,Educación Privada
UNIVERSIDAD VICENTE GUERRERO A.C.,UVG030226S82,Educación Privada
VIDRIOS Y ALUMINIO SOLAGREY SA DE CV,VAS970220TG5,Herrerías
VERA CONSTRUCCIONES ESTUDIOS Y SERVICIOS DE INGENIERIA S.A. DE C.V.,VCE970801KM0,NC Edificación Comercial
VICHOUSE CONSTRUCCIONES S.A. DE C.V.,VCO111115HX9,NC Edificación Comercial
VIAJES GOTA S.A DE C.V,VGO991209717,Pequeños Negocios
VIDATER INMUEBLES S.A. DE C.V.,VIN970422CC8,Oficinas e Inmobiliarias
VENTANAS DE MADERA S.A. DE C.V.,VMA011121M79,Carpinterías
VERSATIL PUBLICIDAD VISUAL SA DE CV,VPV000110RB7,Agencias Publicidad
VOGGA TECNOLOGIA ECOLOGICA SA DE CV.,VTE960423HT7,NC Edificación Comercial
2W PLASTICOS S.A DE C.V,WPL120613PX9,Industria Química
JARDIN DE NIÑOS MARIANO AZUELA,XAXX01010100,Educacion Publica
VICTOR MANUEL CASTRO,XAXX01010100,Educacion Publica
MARIA FLEMATE,XAXX01010100,Educacion Publica
FERRETERIA LA TRINIDAD,XAXX01010100,Educacion Publica
OFELIA BECERRA VALDOVINOS,XAXX01010100,Educacion Publica
JOSE CORTEZ,XAXX01010100,Educacion Publica
VICTOR MANUEL ECHAVARIA RUIZ,XAXX01010100,Educacion Publica
RAQUEL JACOBO RODRIGUEZ,XAXX01010100,Educacion Publica
SARA ARMAS GOMEZ,XAXX01010100,Educacion Publica
LA PALOMA,XAXX01010100,Educacion Publica
FELIPE RECENDIS,XAXX01010100,Educacion Publica
CANDELARIO MEDINA LARA,XAXX01010100,Educacion Publica
JUAN CARLOS RAMIREZ ORTEGA,XAXX01010100,Educacion Publica
JAVIER GALLARDO GARCIA,XAXX01010100,Educacion Publica
MOISES GUTIERREZ PEDROZA,XAXX01010100,Educacion Publica
ESCUELA COLEGIO REBSAMEN,XAXX01010100,Educacion Publica
CLIENTE MOSTRADOR,XAXX01010100,Concesionarios Comex
SEP COOPERATIVA ESCOLAR DE LA EST N-86 .,XAXX010101000,Departamentales
CECILIA GAITAN AVILEZ,XAXX010101000,Departamentales
ESCUELA PRIMARIA GENERAL IGNACIO ZARAGOZA,XAXX010101000,Departamentales
CESAR SALINAS LEAL,XAXX010101000,Departamentales
VENTA MESES,XAXX010101000,Departamentales
OFELIA CUEVA FUENTES,XAXX010101000,Departamentales
JUAN REYNA GARCIA,XAXX010101000,Departamentales
DR. ABRAHAM EUGENIO LOZANO MAGAÑA,XAXX010101000,Departamentales
OVIDIO GARCIA BELTRAN,XAXX010101000,Departamentales
CLIENTE SIN PROMOCIONES SIN PROMOCION,XAXX010101000,Departamentales
PINTATEO VENTAS MOSTRADOR,XAXX010101000,Concesionarios Comex
JOSE AGUSTIN SALAZAR OROSCO,XAXX010101000,Departamentales
HUGO EDUARDO CAVAZOS TAMEZ,XAXX010101000,Departamentales
CLIENTE MOSTRADOR .,XAXX010101000,Concesionarios Comex
RESTAURANT LETY'S SA DE CV,XAXX010101000,Departamentales
COMEX LA SOLEDAD,XAXX010101000,Departamentales
SERGIO MARROQUIN SANCHEZ,XAXX010101000,Departamentales
EDUARDO CAVAZOS GARCIA,XAXX010101000,Departamentales
ADALBERTO NOE CAVAZOS CHAVEZ,XAXX010101000,Departamentales
AZAEL SILVA ALVARADO,XAXX010101000,Departamentales
SANDRA GUADALUPE LEAL RIOS,XAXX010101000,Departamentales
XIC XANAC SPR DE RI,XXA0708108E5,Hoteles
VENTAS MOSTRADOR 1,XXXX010101A01,Concesionarios Comex
"YAKULT,S.A. DE C.V",YAK800303JA7,Manufactura Alimentos
YAJAM CONSTRUCTORA SA DE CV,YCO0901237E9,NC Edificación Comercial
"YOSPRIC, GRUPO INMOBILIARIO SA DE CV",YGI111108346,Oficinas e Inmobiliarias
ZAGO CONSTRUCCIONES S.A DE C.V,ZCO900806D76,NC Edificación Comercial
ZAPATERIA LOS PEREZ DE LOS TUXTLAS S A DE C V,ZPT8709249N2,Pequeños Negocios
"ZITRO SERVICIOS INMOBILIARIOS, S.A. DE C.V.",ZSI0506219G1,Oficinas e Inmobiliarias
